dataset,representation,predictor,components,median_delta_nap,median_delta_null_adjusted_nap,configuration
CHEMBL1862_Ki,molformer,mlp,8,-0.0603263041293237,-0.0500631524919675,MoLFormer · MLP
CHEMBL1862_Ki,molformer,xgboost,8,0.0190207436926222,0.0283109468281264,MoLFormer · XGB
CHEMBL1862_Ki,morgan,mlp,8,-0.0878837131948904,-0.0921226920741374,Morgan · MLP
CHEMBL1862_Ki,morgan,xgboost,8,-0.0141127334629993,-0.0494062484555434,Morgan · XGB
CHEMBL1862_Ki,unimol,mlp,8,0.0197974685402134,0.0228927410858756,Uni-Mol · MLP
CHEMBL1862_Ki,unimol,xgboost,8,0.1189878969558418,0.1202049080817169,Uni-Mol · XGB
CHEMBL1871_Ki,molformer,mlp,11,-0.0078193645503206,-0.010921257802186,MoLFormer · MLP
CHEMBL1871_Ki,molformer,xgboost,11,0.0007535460992907,-0.0059978097257352,MoLFormer · XGB
CHEMBL1871_Ki,morgan,mlp,11,-0.0052287048131923,-0.0086479904758471,Morgan · MLP
CHEMBL1871_Ki,morgan,xgboost,11,0.0354456018518519,0.0013283512205387,Morgan · XGB
CHEMBL1871_Ki,unimol,mlp,11,7.728677941439867e-05,0.0041038925022967,Uni-Mol · MLP
CHEMBL1871_Ki,unimol,xgboost,11,-0.0086686712302474,-0.0115195193193751,Uni-Mol · XGB
CHEMBL2034_Ki,molformer,mlp,12,0.0138329448407426,0.0026452142912991,MoLFormer · MLP
CHEMBL2034_Ki,molformer,xgboost,12,0.0159349876336506,0.0089824137622591,MoLFormer · XGB
CHEMBL2034_Ki,morgan,mlp,12,0.0386016536648799,0.0364644150770559,Morgan · MLP
CHEMBL2034_Ki,morgan,xgboost,12,-0.0026562879504055,-0.0205493079066263,Morgan · XGB
CHEMBL2034_Ki,unimol,mlp,12,-0.0512947163515344,-0.0373947041892899,Uni-Mol · MLP
CHEMBL2034_Ki,unimol,xgboost,12,-0.0348759327938536,-0.0369832351960416,Uni-Mol · XGB
CHEMBL2047_EC50,molformer,mlp,10,-0.027316983310511,-0.024707401488907,MoLFormer · MLP
CHEMBL2047_EC50,molformer,xgboost,10,-0.0307546310282456,-0.0304416325981464,MoLFormer · XGB
CHEMBL2047_EC50,morgan,mlp,10,0.0094891461874847,0.0117657509156482,Morgan · MLP
CHEMBL2047_EC50,morgan,xgboost,10,-0.0117827926114768,-0.0140808347592821,Morgan · XGB
CHEMBL2047_EC50,unimol,mlp,10,-0.0153706272406324,-0.0094974004821973,Uni-Mol · MLP
CHEMBL2047_EC50,unimol,xgboost,10,0.000629345580577,0.0005699948215261,Uni-Mol · XGB
CHEMBL204_Ki,molformer,mlp,47,0.0254945613902886,0.0252296049180167,MoLFormer · MLP
CHEMBL204_Ki,molformer,xgboost,47,-0.011969484654199,-0.0111318241313847,MoLFormer · XGB
CHEMBL204_Ki,morgan,mlp,47,-0.0130810654033066,-0.0116565783315783,Morgan · MLP
CHEMBL204_Ki,morgan,xgboost,47,-0.0015676273844018,-0.030907890745208,Morgan · XGB
CHEMBL204_Ki,unimol,mlp,47,-0.0083181081406096,-0.0052772814111144,Uni-Mol · MLP
CHEMBL204_Ki,unimol,xgboost,47,-0.0035762605499092,-0.0048863478573212,Uni-Mol · XGB
CHEMBL2147_Ki,molformer,mlp,13,0.0,0.0,MoLFormer · MLP
CHEMBL2147_Ki,molformer,xgboost,13,-0.0884136987969342,-0.0784420531710568,MoLFormer · XGB
CHEMBL2147_Ki,morgan,mlp,13,-0.04130446431714,-0.0284253140596106,Morgan · MLP
CHEMBL2147_Ki,morgan,xgboost,13,-0.0146787922727334,-0.0050542447990569,Morgan · XGB
CHEMBL2147_Ki,unimol,mlp,13,0.0078457135128854,0.0028600949023366,Uni-Mol · MLP
CHEMBL2147_Ki,unimol,xgboost,13,-0.0057885289373904,-0.0008171467893433,Uni-Mol · XGB
CHEMBL218_EC50,molformer,mlp,20,0.0327785189966608,0.031967108472785,MoLFormer · MLP
CHEMBL218_EC50,molformer,xgboost,20,0.0148239834820193,0.0040290808394243,MoLFormer · XGB
CHEMBL218_EC50,morgan,mlp,20,0.0137435264768381,0.0127424614967403,Morgan · MLP
CHEMBL218_EC50,morgan,xgboost,20,-0.0087624838964547,-0.0211637593620875,Morgan · XGB
CHEMBL218_EC50,unimol,mlp,20,-0.0005566967587725,-0.0019083409020337,Uni-Mol · MLP
CHEMBL218_EC50,unimol,xgboost,20,0.01062074745432,0.0081302451856619,Uni-Mol · XGB
CHEMBL219_Ki,molformer,mlp,34,-0.0077693248078642,-0.0067145138958973,MoLFormer · MLP
CHEMBL219_Ki,molformer,xgboost,34,-0.0003498158522667,-0.0059116399133775,MoLFormer · XGB
CHEMBL219_Ki,morgan,mlp,34,-0.0291701306156759,-0.0188136147302221,Morgan · MLP
CHEMBL219_Ki,morgan,xgboost,34,0.0,-0.0066401201520758,Morgan · XGB
CHEMBL219_Ki,unimol,mlp,34,-0.0067530746653745,-0.0062241929268356,Uni-Mol · MLP
CHEMBL219_Ki,unimol,xgboost,34,-0.0003156565656565,-0.0137622922187024,Uni-Mol · XGB
CHEMBL228_Ki,molformer,mlp,31,-0.0103727318433201,-0.0099243314580654,MoLFormer · MLP
CHEMBL228_Ki,molformer,xgboost,31,-0.0033564814814815,-0.0062288646384479,MoLFormer · XGB
CHEMBL228_Ki,morgan,mlp,31,-0.0042336602734981,-0.0014329836829836,Morgan · MLP
CHEMBL228_Ki,morgan,xgboost,31,0.0329662870160198,0.0193040950553926,Morgan · XGB
CHEMBL228_Ki,unimol,mlp,31,0.0020319017810097,0.0076484272710485,Uni-Mol · MLP
CHEMBL228_Ki,unimol,xgboost,31,-0.000284657391462,0.0013904428904428,Uni-Mol · XGB
CHEMBL231_Ki,molformer,mlp,15,-0.0108237348788859,-0.008771163459886,MoLFormer · MLP
CHEMBL231_Ki,molformer,xgboost,15,-0.026717231624128,-0.030061280155822,MoLFormer · XGB
CHEMBL231_Ki,morgan,mlp,15,-0.1142903477944145,-0.1033388677054371,Morgan · MLP
CHEMBL231_Ki,morgan,xgboost,15,-0.078962441060641,-0.0822259401988711,Morgan · XGB
CHEMBL231_Ki,unimol,mlp,15,-0.0260356598559373,-0.0322667659434209,Uni-Mol · MLP
CHEMBL231_Ki,unimol,xgboost,15,-0.0081286266384305,-0.0099656397824644,Uni-Mol · XGB
CHEMBL233_Ki,molformer,mlp,46,-0.0025389412144442,-0.002204059922321,MoLFormer · MLP
CHEMBL233_Ki,molformer,xgboost,46,-0.0372473354993845,-0.0411220875210902,MoLFormer · XGB
CHEMBL233_Ki,morgan,mlp,46,-0.0053622303622303,-0.0089667252339334,Morgan · MLP
CHEMBL233_Ki,morgan,xgboost,46,-0.0096442668718457,-0.0221961218308558,Morgan · XGB
CHEMBL233_Ki,unimol,mlp,46,-0.0040074223951035,-0.0112044355568358,Uni-Mol · MLP
CHEMBL233_Ki,unimol,xgboost,46,-0.0038780077727311,-0.0113300505362504,Uni-Mol · XGB
CHEMBL236_Ki,molformer,mlp,37,-0.0128730781526767,-0.0157750953845714,MoLFormer · MLP
CHEMBL236_Ki,molformer,xgboost,37,-0.0007182681913864,0.001543201324596,MoLFormer · XGB
CHEMBL236_Ki,morgan,mlp,37,-0.0764288846729977,-0.0727926517611177,Morgan · MLP
CHEMBL236_Ki,morgan,xgboost,37,-0.0350320489545892,-0.045228155899397,Morgan · XGB
CHEMBL236_Ki,unimol,mlp,37,-0.0003507072225021,-0.0090842823100165,Uni-Mol · MLP
CHEMBL236_Ki,unimol,xgboost,37,0.0,0.0026846531990981,Uni-Mol · XGB
CHEMBL237_EC50,molformer,mlp,18,-0.0180529083663171,-0.0196423212011927,MoLFormer · MLP
CHEMBL237_EC50,molformer,xgboost,18,-0.0366292793112196,-0.0385024293137909,MoLFormer · XGB
CHEMBL237_EC50,morgan,mlp,18,0.0074607082911248,0.0036585033685241,Morgan · MLP
CHEMBL237_EC50,morgan,xgboost,18,-0.0168940145502644,-0.0225429129319754,Morgan · XGB
CHEMBL237_EC50,unimol,mlp,18,0.0466114143121709,0.0471523997834332,Uni-Mol · MLP
CHEMBL237_EC50,unimol,xgboost,18,0.0146317784834193,0.0109377996225966,Uni-Mol · XGB
CHEMBL237_Ki,molformer,mlp,40,-0.0269216016716179,-0.0288714981916586,MoLFormer · MLP
CHEMBL237_Ki,molformer,xgboost,40,-0.0210097001763667,-0.0159524753371997,MoLFormer · XGB
CHEMBL237_Ki,morgan,mlp,40,-0.0250545199054683,-0.0253018245758803,Morgan · MLP
CHEMBL237_Ki,morgan,xgboost,40,0.0519264002636287,0.0378070588063187,Morgan · XGB
CHEMBL237_Ki,unimol,mlp,40,-0.0063160782145434,-0.0002252059267196,Uni-Mol · MLP
CHEMBL237_Ki,unimol,xgboost,40,-0.0133754119431548,-0.0099827603962552,Uni-Mol · XGB
CHEMBL238_Ki,molformer,mlp,19,-0.000436765615337,0.0017655677655677,MoLFormer · MLP
CHEMBL238_Ki,molformer,xgboost,19,0.0,-0.0023736263736263,MoLFormer · XGB
CHEMBL238_Ki,morgan,mlp,19,-0.0118341237634479,-0.0018170900492982,Morgan · MLP
CHEMBL238_Ki,morgan,xgboost,19,-0.008521127205708,-0.0307632795567006,Morgan · XGB
CHEMBL238_Ki,unimol,mlp,19,0.0339935397948513,0.0360243442296824,Uni-Mol · MLP
CHEMBL238_Ki,unimol,xgboost,19,-0.0359333871524807,-0.0443748647731796,Uni-Mol · XGB
CHEMBL239_EC50,molformer,mlp,33,0.0122113124356411,0.0173050924309113,MoLFormer · MLP
CHEMBL239_EC50,molformer,xgboost,33,-0.0273856726684457,-0.0191763723421288,MoLFormer · XGB
CHEMBL239_EC50,morgan,mlp,33,-0.0132185300583526,-0.0163167243385036,Morgan · MLP
CHEMBL239_EC50,morgan,xgboost,33,-0.0195266477524189,-0.0294429872082801,Morgan · XGB
CHEMBL239_EC50,unimol,mlp,33,-0.0006980778616807,-0.0079326316966331,Uni-Mol · MLP
CHEMBL239_EC50,unimol,xgboost,33,0.0034519700324324,0.0080398043283088,Uni-Mol · XGB
CHEMBL244_Ki,molformer,mlp,52,-0.0097370341642895,-0.008419615546407,MoLFormer · MLP
CHEMBL244_Ki,molformer,xgboost,52,-0.0062529915539017,-0.0040323452286457,MoLFormer · XGB
CHEMBL244_Ki,morgan,mlp,52,-0.0434297338622186,-0.0407208184181231,Morgan · MLP
CHEMBL244_Ki,morgan,xgboost,52,-0.0298016926040985,-0.0321343379173169,Morgan · XGB
CHEMBL244_Ki,unimol,mlp,52,-0.0197404976343731,-0.0187264241642241,Uni-Mol · MLP
CHEMBL244_Ki,unimol,xgboost,52,0.0189241121837046,0.0176901884526292,Uni-Mol · XGB
CHEMBL262_Ki,molformer,mlp,13,-0.0468665630718267,-0.036199722953629,MoLFormer · MLP
CHEMBL262_Ki,molformer,xgboost,13,-0.0170932968549198,-0.0229476999047646,MoLFormer · XGB
CHEMBL262_Ki,morgan,mlp,13,-0.0148240234132031,-0.0071663171398745,Morgan · MLP
CHEMBL262_Ki,morgan,xgboost,13,-0.0374074074074075,-0.0605199999999999,Morgan · XGB
CHEMBL262_Ki,unimol,mlp,13,0.0264400870133312,0.0363467142630873,Uni-Mol · MLP
CHEMBL262_Ki,unimol,xgboost,13,0.0424543197798947,0.0422345803431053,Uni-Mol · XGB
CHEMBL264_Ki,molformer,mlp,46,-0.0010907055841222,0.001053728699778,MoLFormer · MLP
CHEMBL264_Ki,molformer,xgboost,46,-0.0116361885663355,-0.0162865353210132,MoLFormer · XGB
CHEMBL264_Ki,morgan,mlp,46,-0.0004100270228148,0.0074226027157637,Morgan · MLP
CHEMBL264_Ki,morgan,xgboost,46,0.0361599035189355,0.0183404607806887,Morgan · XGB
CHEMBL264_Ki,unimol,mlp,46,0.0058950597206725,0.0027569075329599,Uni-Mol · MLP
CHEMBL264_Ki,unimol,xgboost,46,0.0006522946955865,-0.0011315080487781,Uni-Mol · XGB
CHEMBL2835_Ki,molformer,mlp,5,-0.0040773765646609,-0.0005990549897191,MoLFormer · MLP
CHEMBL2835_Ki,molformer,xgboost,5,0.0180460581561839,0.0129952846738276,MoLFormer · XGB
CHEMBL2835_Ki,morgan,mlp,5,-0.0195413531945755,-0.0103641103672974,Morgan · MLP
CHEMBL2835_Ki,morgan,xgboost,5,-0.1754309134721083,-0.1660974945333304,Morgan · XGB
CHEMBL2835_Ki,unimol,mlp,5,0.0250592265649574,0.0269573819309735,Uni-Mol · MLP
CHEMBL2835_Ki,unimol,xgboost,5,0.2021198830409358,0.1921845077200921,Uni-Mol · XGB
CHEMBL287_Ki,molformer,mlp,26,0.0057190644282791,0.0035471602499244,MoLFormer · MLP
CHEMBL287_Ki,molformer,xgboost,26,0.006696581469342,-0.0002840590754449,MoLFormer · XGB
CHEMBL287_Ki,morgan,mlp,26,-0.01244063910977,-0.0091938940910169,Morgan · MLP
CHEMBL287_Ki,morgan,xgboost,26,0.0060544223215294,0.0023225223725272,Morgan · XGB
CHEMBL287_Ki,unimol,mlp,26,-0.0267400392285361,-0.02038022086215,Uni-Mol · MLP
CHEMBL287_Ki,unimol,xgboost,26,0.0002188956876457,0.0010442375155196,Uni-Mol · XGB
CHEMBL2971_Ki,molformer,mlp,11,-0.0514045640093762,-0.0535610634440569,MoLFormer · MLP
CHEMBL2971_Ki,molformer,xgboost,11,-0.0223195305597602,-0.0225016099970955,MoLFormer · XGB
CHEMBL2971_Ki,morgan,mlp,11,0.0,-0.000217032967033,Morgan · MLP
CHEMBL2971_Ki,morgan,xgboost,11,-0.0223292294125625,-0.0319347854526426,Morgan · XGB
CHEMBL2971_Ki,unimol,mlp,11,0.0,0.0025349816849816,Uni-Mol · MLP
CHEMBL2971_Ki,unimol,xgboost,11,-0.0063250945700606,0.0022150581865504,Uni-Mol · XGB
CHEMBL3979_EC50,molformer,mlp,17,-0.0306867932508053,-0.0307053721624776,MoLFormer · MLP
CHEMBL3979_EC50,molformer,xgboost,17,-0.0132961740389044,-0.0156570357952038,MoLFormer · XGB
CHEMBL3979_EC50,morgan,mlp,17,-0.011504817444219,-0.0124273171477663,Morgan · MLP
CHEMBL3979_EC50,morgan,xgboost,17,-0.004449580620014,-0.0133186396714639,Morgan · XGB
CHEMBL3979_EC50,unimol,mlp,17,-0.0043671326555313,-0.012399030106549,Uni-Mol · MLP
CHEMBL3979_EC50,unimol,xgboost,17,0.0069981891574452,0.0079053675900336,Uni-Mol · XGB
CHEMBL4005_Ki,molformer,mlp,17,-0.0492388191106139,-0.0251462573018371,MoLFormer · MLP
CHEMBL4005_Ki,molformer,xgboost,17,0.0511575202955516,0.0440154953402004,MoLFormer · XGB
CHEMBL4005_Ki,morgan,mlp,17,-0.083098675620043,-0.0837259163122411,Morgan · MLP
CHEMBL4005_Ki,morgan,xgboost,17,0.0036850742320633,0.010585273585118,Morgan · XGB
CHEMBL4005_Ki,unimol,mlp,17,-0.0622228843809697,-0.0586255301995253,Uni-Mol · MLP
CHEMBL4005_Ki,unimol,xgboost,17,-0.0157780991539963,-0.0245269705789379,Uni-Mol · XGB
CHEMBL4203_Ki,molformer,mlp,6,-0.0390170083184788,-0.0320378041178591,MoLFormer · MLP
CHEMBL4203_Ki,molformer,xgboost,6,-0.124676530118102,-0.1108751226364991,MoLFormer · XGB
CHEMBL4203_Ki,morgan,mlp,6,-0.0312415202342248,-0.0330324271254791,Morgan · MLP
CHEMBL4203_Ki,morgan,xgboost,6,0.0323989049824544,0.026846274440282,Morgan · XGB
CHEMBL4203_Ki,unimol,mlp,6,0.033487229048493,0.03569916539048,Uni-Mol · MLP
CHEMBL4203_Ki,unimol,xgboost,6,-0.0130657841965481,-0.0182263594331678,Uni-Mol · XGB
CHEMBL4616_EC50,molformer,mlp,9,-0.0197440185456711,-0.0131799712103795,MoLFormer · MLP
CHEMBL4616_EC50,molformer,xgboost,9,0.0,0.0,MoLFormer · XGB
CHEMBL4616_EC50,morgan,mlp,9,-0.013826829703995,-0.0095708891987053,Morgan · MLP
CHEMBL4616_EC50,morgan,xgboost,9,0.0909863101438536,0.0842661989376297,Morgan · XGB
CHEMBL4616_EC50,unimol,mlp,9,-0.0185964799672999,-0.01300682957225,Uni-Mol · MLP
CHEMBL4616_EC50,unimol,xgboost,9,0.0,0.0,Uni-Mol · XGB
CHEMBL4792_Ki,molformer,mlp,21,0.0103188253586307,0.0177541839830276,MoLFormer · MLP
CHEMBL4792_Ki,molformer,xgboost,21,-0.0384862312934958,-0.0366234075779289,MoLFormer · XGB
CHEMBL4792_Ki,morgan,mlp,21,0.0177812389723746,0.0311569761918362,Morgan · MLP
CHEMBL4792_Ki,morgan,xgboost,21,0.0613050433961406,0.0505159380679501,Morgan · XGB
CHEMBL4792_Ki,unimol,mlp,21,0.0170186599226764,0.0167865949793497,Uni-Mol · MLP
CHEMBL4792_Ki,unimol,xgboost,21,-0.0051127330445941,-0.0042977325740441,Uni-Mol · XGB
