dataset,representation,predictor,explainer,components,trained_ap,permuted_ap,trained_nap,permuted_nap,prevalence,median_delta_ap,median_delta_nap,ci90_low,ci90_high,ci95_low,ci95_high
CHEMBL1862_Ki,molformer,mlp,crem_lime,8,0.3439839027193671,0.3675575299603789,0.07364664892682986,0.06293175673653173,0.2924651567944251,-0.022388374428741656,-0.02942888716759355,-0.09919545121138579,0.06845392961211064,-0.11430296697922775,0.13533396786306343
CHEMBL1862_Ki,molformer,mlp,crem_mean,8,0.406607626773588,0.46792669103844703,0.12576707695458073,0.1470068046167487,0.2924651567944251,-0.04453967264282652,-0.060326304129323736,-0.11043204605375595,0.014029782948034066,-0.13135219175976454,0.01942283580441362
CHEMBL1862_Ki,molformer,xgboost,crem_lime,8,0.4248334180301897,0.46535357956150614,0.07537934600465765,0.10606063624441127,0.2924651567944251,0.002457871523842081,0.0033552530517161902,-0.12735197240319854,0.14031340071389475,-0.13747599834053867,0.19689823738514295
CHEMBL1862_Ki,molformer,xgboost,crem_mean,8,0.4451973618333869,0.4460717785114295,0.1806745835662481,0.13533169598465533,0.2924651567944251,0.011249902907882553,0.019020743692622268,-0.004453820159339095,0.05927946350244086,-0.0107265703387327,0.06740267731768204
CHEMBL1862_Ki,morgan,mlp,crem_lime,8,0.3735752547530213,0.4737356135847913,-0.01573924214384073,0.24595163552735144,0.2924651567944251,-0.09227622081581807,-0.1465479258826465,-0.30795956675301095,-0.09183971805757685,-0.35610877879328856,-0.08826505663048016
CHEMBL1862_Ki,morgan,mlp,crem_mean,8,0.4391171250612728,0.46530827219107096,0.1596171672790891,0.2427255516003914,0.2924651567944251,-0.06390493846949638,-0.0878837131948905,-0.29732999370211016,0.03434285310876761,-0.4398400396624905,0.0385571571115816
CHEMBL1862_Ki,morgan,xgboost,crem_lime,8,0.3544516095302799,0.46489067587127353,0.06345884846429475,0.17756558395426103,0.2924651567944251,-0.02813747395595259,-0.03833715031813178,-0.291235748789616,0.12994619926855044,-0.294061974936071,0.19416484105382964
CHEMBL1862_Ki,morgan,xgboost,crem_mean,8,0.4323929822305348,0.42057085321143783,0.10504708564897045,0.1502151093798901,0.2924651567944251,-0.010114335369785038,-0.014112733462999356,-0.2961152936277316,0.1786752092568218,-0.47145806385108496,0.1956959848358788
CHEMBL1862_Ki,unimol,mlp,crem_lime,8,0.3728349871169873,0.4304765550156542,0.09814101543070947,0.12299773445834677,0.2924651567944251,0.0010436462719863177,0.01653490796523023,-0.09765972448917448,0.08575481791646819,-0.10624094986592403,0.10833537803588061
CHEMBL1862_Ki,unimol,mlp,crem_mean,8,0.39317922539451466,0.4027427981895274,0.10387890152728932,0.16401311918091288,0.2924651567944251,0.0137666202749116,0.01979746854021342,-0.08872722556208631,0.14806739427650142,-0.10931067140497575,0.19555910111631192
CHEMBL1862_Ki,unimol,xgboost,crem_lime,8,0.42821160447172535,0.4417037846774222,0.05736885898983819,0.11504440158835634,0.2924651567944251,-0.009364549952560766,-0.0479732174642523,-0.10190088278698126,0.0012000462274838856,-0.10411503833565283,0.006126628008539969
CHEMBL1862_Ki,unimol,xgboost,crem_mean,8,0.5300551064215444,0.44710074420386314,0.24093611960873318,0.1990626130635565,0.2924651567944251,0.052846745548469964,0.11898789695584189,-0.00021424950289830602,0.1727426445386427,-0.003934108271254344,0.2024389445432654
CHEMBL1871_Ki,molformer,mlp,crem_lime,11,0.32014297831456456,0.28187830687830684,0.11322997171464948,0.0928943244274612,0.2195121951219512,-0.030501351028669133,-0.04108345240596245,-0.15446079019737835,0.2643873591895777,-0.15446079019737835,0.2643873591895777
CHEMBL1871_Ki,molformer,mlp,crem_mean,11,0.2747318414353305,0.30092953033448405,0.0651602628230779,0.09925322693179829,0.2195121951219512,-0.006353233697135585,-0.007819364550320618,-0.0340929641087204,0.112685134624813,-0.036152810680831864,0.112685134624813
CHEMBL1871_Ki,molformer,xgboost,crem_lime,11,0.33505159690923536,0.3094524076206437,0.14789792622052958,0.1535872846203193,0.2195121951219512,0.02593052953184144,0.030792503819061595,-0.19536394815162567,0.16282454385808032,-0.19536394815162567,0.16282454385808032
CHEMBL1871_Ki,molformer,xgboost,crem_mean,11,0.32877183428940054,0.32029710056025845,0.12955960161842506,0.1379822530864197,0.2195121951219512,0.0006944444444444003,0.0007535460992907674,-0.01486185069890451,0.10234937476316788,-0.0181731958517673,0.10234937476316788
CHEMBL1871_Ki,morgan,mlp,crem_lime,11,0.33868805218161674,0.37377613062281534,0.18956271649031262,0.1976506673604822,0.2195121951219512,0.002481930569634694,0.0031799735423443665,-0.14403072431558037,0.1382251049293004,-0.2136551133715494,0.1382251049293004
CHEMBL1871_Ki,morgan,mlp,crem_mean,11,0.2645257134840468,0.3338101894474443,0.0543902030509173,0.14347024357528557,0.2195121951219512,-0.004319364845680684,-0.005228704813192334,-0.08203925463843878,0.15605471399742238,-0.08203925463843878,0.15605471399742238
CHEMBL1871_Ki,morgan,xgboost,crem_lime,11,0.4392710751619428,0.3562546833166951,0.22706505544637703,0.18026268024052974,0.2195121951219512,0.0977338300674214,0.1290398192532407,0.014176989025082187,0.32036685969910084,0.014176989025082187,0.32036685969910084
CHEMBL1871_Ki,morgan,xgboost,crem_mean,11,0.25068365586416985,0.3254434608601275,0.09929078014184389,0.1327130211058782,0.2195121951219512,0.027664859981933188,0.0354456018518519,-0.07150651624074564,0.09346504559270509,-0.08055506230713981,0.107086017430845
CHEMBL1871_Ki,unimol,mlp,crem_lime,11,0.27212282256786896,0.2633645926650186,0.03954489113774497,0.09166528294143993,0.2195121951219512,0.011300037982116817,0.014478173664587174,-0.05395850070282954,0.11835889953458023,-0.12010105914726066,0.11835889953458023
CHEMBL1871_Ki,unimol,mlp,crem_mean,11,0.2713254094833042,0.29686194641660774,0.05044689638420286,0.029669486054918634,0.2195121951219512,7.122507122503396e-05,7.728677941439867e-05,-0.09865168589126924,0.019305563466747663,-0.09865168589126924,0.020777410329284228
CHEMBL1871_Ki,unimol,xgboost,crem_lime,11,0.2920772266186615,0.29387259291810525,0.09297394660516002,0.08564641968829127,0.2195121951219512,0.018773633303527548,0.025286934653730997,-0.10936759982952765,0.06297971715013326,-0.10936759982952765,0.07922028670078513
CHEMBL1871_Ki,unimol,xgboost,crem_mean,11,0.3072262479871175,0.3012291209176485,0.06271786492374723,0.08855557143440923,0.2195121951219512,-0.00698309626881044,-0.008668671230247449,-0.02179540174331837,0.010591258647981404,-0.0430597771023303,0.010591258647981404
CHEMBL2034_Ki,molformer,mlp,crem_lime,12,0.3138997359827196,0.35332033736141955,0.10119227071559664,0.14494693596669184,0.20780367231638416,-0.00622730967609926,-0.007175632717317578,-0.18978162568066115,0.16303968051940967,-0.2650444486111084,0.18827528851237102
CHEMBL2034_Ki,molformer,mlp,crem_mean,12,0.3354138206773851,0.3509170333078533,0.11089871068862656,0.16131773406209488,0.20780367231638416,0.010295713445302779,0.01383294484074266,-0.04371837888774271,0.0419328419328419,-0.07056794551542456,0.04240378682888682
CHEMBL2034_Ki,molformer,xgboost,crem_lime,12,0.333980779750261,0.3582304295817405,0.19796927422427846,0.1713946862206338,0.20780367231638416,-0.03620131105899827,-0.04115788915856766,-0.07685190085480886,0.0648787053486059,-0.09639815022671018,0.10245832486474998
CHEMBL2034_Ki,molformer,xgboost,crem_mean,12,0.3582306191618553,0.27404687348689744,0.133148329670886,0.10303041335969854,0.20780367231638416,0.012259369532053421,0.015934987633650637,-0.0389433551198257,0.06837999069913839,-0.04786671216194779,0.071347005968287
CHEMBL2034_Ki,morgan,mlp,crem_lime,12,0.3118908656023362,0.3616869065920152,0.060614394339363234,0.10475242966288364,0.20780367231638416,0.010729134820762279,0.015000715571797382,-0.18567298714357533,0.07309179255284268,-0.2171332582327867,0.08574807014707844
CHEMBL2034_Ki,morgan,mlp,crem_mean,12,0.332192582307539,0.31816441137586443,0.16989499622058937,0.15959575908996348,0.20780367231638416,0.019904254469360408,0.03860165366487992,-0.015771053791887125,0.12247026511614872,-0.026273432063425316,0.127886260447427
CHEMBL2034_Ki,morgan,xgboost,crem_lime,12,0.2206397642996935,0.31013816512572434,-0.009569964669032784,0.09608418383585399,0.20780367231638416,-0.05708193473089324,-0.06999044663647762,-0.1901981100767195,0.09773174726859228,-0.19902632584138807,0.12297141345826865
CHEMBL2034_Ki,morgan,xgboost,crem_mean,12,0.28755234774971616,0.2743652182536638,0.08060923516750582,0.09744102265011514,0.20780367231638416,-0.0020500605059428634,-0.00265628795040554,-0.07360247749578902,0.02776092085302611,-0.07458315323792636,0.037699454338708666
CHEMBL2034_Ki,unimol,mlp,crem_lime,12,0.3546993051402402,0.511042904774461,0.1961612733343458,0.3559797193108907,0.20780367231638416,-0.1563435996342208,-0.18341440919234214,-0.2765687142145126,-0.07530420932564136,-0.2778754415389163,-0.07290052793271098
CHEMBL2034_Ki,unimol,mlp,crem_mean,12,0.2825959347382443,0.35218206811344066,0.14565444496450586,0.21219759174881095,0.20780367231638416,-0.04059753377935195,-0.0512947163515345,-0.09440127346985261,0.0001357711466764555,-0.09882472767037712,0.012205747711200324
CHEMBL2034_Ki,unimol,xgboost,crem_lime,12,0.3073047175599789,0.3854418462845213,0.06753664040989474,0.24668862895429,0.20780367231638416,-0.025877457740053053,-0.03295171277757958,-0.17345261982051002,0.00010108926564484505,-0.20209019008641022,0.003196069115684458
CHEMBL2034_Ki,unimol,xgboost,crem_mean,12,0.3096705629839511,0.3207173473336709,0.1297711531521539,0.14073416203147027,0.20780367231638416,-0.027633806009770973,-0.03487593279385362,-0.045717851027206116,0.01919079183046902,-0.051410371246245874,0.030713952247565672
CHEMBL2047_EC50,molformer,mlp,crem_lime,10,0.31598859338859653,0.3508277716496039,0.11157307778534545,0.13400753870569876,0.26919642857142856,0.010289691237441612,0.012618205902346108,-0.08213936231580547,0.0793772855341298,-0.08228119542984672,0.09154287966276403
CHEMBL2047_EC50,molformer,mlp,crem_mean,10,0.2737947619635396,0.26618881408315076,0.05741546170852106,0.08030037911617963,0.26919642857142856,-0.01967758485109758,-0.02731698331051107,-0.1284953212285025,0.0013543859095238014,-0.1284953212285025,0.024817082524635978
CHEMBL2047_EC50,molformer,xgboost,crem_lime,10,0.3263013123535932,0.3194377793946215,0.1264162784321173,0.058943033606422765,0.26919642857142856,-0.012868234656330413,-0.017864242726976606,-0.08643842282324202,0.0666226425524086,-0.09154506664248069,0.0666226425524086
CHEMBL2047_EC50,molformer,xgboost,crem_mean,10,0.2911841860391856,0.3156150602838872,0.04585588409429166,0.06554889893853481,0.26919642857142856,-0.021692070123592533,-0.030754631028245702,-0.0595961429024917,0.0010336875338325946,-0.07024692653053,0.018749939211583366
CHEMBL2047_EC50,morgan,mlp,crem_lime,10,0.409578655197175,0.41556281668914075,0.16882727355330826,0.19552619305578048,0.26919642857142856,-0.04645284239709674,-0.053853234812402555,-0.22033272333057594,0.17570036710063458,-0.22033272333057594,0.2354634986730473
CHEMBL2047_EC50,morgan,mlp,crem_mean,10,0.3456101814657593,0.3016904127974702,0.10479336283090059,0.02500095425701007,0.26919642857142856,0.0066376929230349754,0.009489146187484788,-0.027694367509588508,0.12202964031472346,-0.03194857669824304,0.16303822695658632
CHEMBL2047_EC50,morgan,xgboost,crem_lime,10,0.2522177196452537,0.2827317689443835,0.0211133206129612,0.0404911792404483,0.26919642857142856,-0.04081235104949268,-0.04689310504354781,-0.10861566748688763,0.015292067326739014,-0.1111607406938323,0.01655857054240423
CHEMBL2047_EC50,morgan,xgboost,crem_mean,10,0.2869426696090371,0.30146976939331815,0.0030423990293071005,0.04054479108854805,0.26919642857142856,-0.009774409295945967,-0.011782792611476918,-0.0899764204985914,0.05807907170236402,-0.10948535726364722,0.06252013292110063
CHEMBL2047_EC50,unimol,mlp,crem_lime,10,0.27114147933308796,0.35565658445631393,0.028001291318150916,0.13645497825943603,0.26919642857142856,-0.05546760159018371,-0.07097981486633227,-0.1335730939814162,0.06927594988174787,-0.14827570081330288,0.06927594988174787
CHEMBL2047_EC50,unimol,mlp,crem_mean,10,0.3238273797695864,0.3090312143566947,0.044463270987022366,0.07623760705819742,0.26919642857142856,-0.013339139064496276,-0.015370627240632467,-0.05457647839444766,0.042823030941022855,-0.06883172637244536,0.0438484648239022
CHEMBL2047_EC50,unimol,xgboost,crem_lime,10,0.27272554829140594,0.31670827835897386,0.11188152533419254,0.05903007381622473,0.26919642857142856,0.0006896503836505835,0.0012384780582187262,-0.0729308571150985,0.12542723055837338,-0.07515031148062616,0.16189618144616075
CHEMBL2047_EC50,unimol,xgboost,crem_mean,10,0.3093945527129155,0.2875283444039401,0.03376211387201985,0.084212428126558,0.26919642857142856,-0.00023280398834787247,0.0006293455805769961,-0.03854144996916993,0.023821009266549426,-0.04046438252746553,0.1232784737187741
CHEMBL204_Ki,molformer,mlp,crem_lime,47,0.2817993184458963,0.25632233736167237,0.13236541816729094,0.07802553592772153,0.1868131868131868,0.029602805157566525,0.04177737515803053,0.010491158789441703,0.07640337927444177,-0.0035980862704688282,0.07895156294279101
CHEMBL204_Ki,molformer,mlp,crem_mean,47,0.2708062440205297,0.24839256149639652,0.0687848613431929,0.06348388739760742,0.1868131868131868,0.017466329966329963,0.025494561390288606,0.005897647807420109,0.04489128879924397,0.004071572202533458,0.0468402205237057
CHEMBL204_Ki,molformer,xgboost,crem_lime,47,0.24417563701517078,0.2794722341441957,0.028343822285206835,0.0734684365524187,0.1868131868131868,-0.02621911148933248,-0.03289306714116269,-0.05387667909733216,0.004205389413231286,-0.0665773002419101,0.01091531852308857
CHEMBL204_Ki,molformer,xgboost,crem_mean,47,0.25044970314594184,0.2775187729237749,0.028765863388003837,0.08625425038234553,0.1868131868131868,-0.009157919604871667,-0.011969484654199065,-0.061034014789104724,0.008605763601145795,-0.06870415873672853,0.014506162076793599
CHEMBL204_Ki,morgan,mlp,crem_lime,47,0.28367940747203796,0.3210854622453332,0.09563225996512903,0.13744833100105697,0.1868131868131868,-0.01954828102446976,-0.023132132545622575,-0.11439166226782811,0.0309030099868004,-0.1168921724745555,0.06611913349901727
CHEMBL204_Ki,morgan,mlp,crem_mean,47,0.27337996725354824,0.2886386362175758,0.07077072170888514,0.09866405316016351,0.1868131868131868,-0.011706349206349165,-0.013081065403306665,-0.04736429346598777,-0.0006531624927824109,-0.0485734417584753,-0.00043645913824343074
CHEMBL204_Ki,morgan,xgboost,crem_lime,47,0.1866016363810481,0.3192191601378515,0.013677097856072629,0.14829395616466146,0.1868131868131868,-0.07211856362558185,-0.09018448111613434,-0.14108009977007718,-0.0336836083319014,-0.17393830419456577,-0.03309678250096689
CHEMBL204_Ki,morgan,xgboost,crem_mean,47,0.24290261885138542,0.24609609609609606,0.047253885653332,0.04440321583178724,0.1868131868131868,-0.001318232118701551,-0.0015676273844018335,-0.04060192621651387,0.03904328695995364,-0.049859366434647466,0.06892702938614612
CHEMBL204_Ki,unimol,mlp,crem_lime,47,0.3169354631860489,0.30015696416662596,0.08308362447215921,0.11067919520395007,0.1868131868131868,-0.01627738410071411,-0.04272927972275957,-0.07298875616078315,-0.003115507635897935,-0.07567219812095928,-0.003115507635897935
CHEMBL204_Ki,unimol,mlp,crem_mean,47,0.2670170865887643,0.2987484479795631,0.07963504132421456,0.09449619091261034,0.1868131868131868,-0.007647400302590035,-0.00831810814060967,-0.04102804388067521,0.01524953080708942,-0.04608679028968885,0.018002705566295497
CHEMBL204_Ki,unimol,xgboost,crem_lime,47,0.2619045094871892,0.34906055917803264,0.06281801054039214,0.14531322043776193,0.1868131868131868,-0.03987424871041023,-0.047221340723459,-0.11135247132001348,-0.01317364652009402,-0.11135247132001348,-0.004761347079927661
CHEMBL204_Ki,unimol,xgboost,crem_mean,47,0.2535795553652696,0.2864816988354681,0.07765392486002927,0.11492385552145636,0.1868131868131868,-0.003022192014007913,-0.003576260549909299,-0.032910481785233425,0.011668004893384563,-0.04438095238095233,0.016294182573171168
CHEMBL2147_Ki,molformer,mlp,crem_lime,13,0.24982596306453173,0.29975111730388543,0.03817616665195677,0.012979481272262998,0.2131147540983606,0.0,0.0,-0.08940850384992843,0.0353622445661812,-0.08940850384992843,0.0353622445661812
CHEMBL2147_Ki,molformer,mlp,crem_mean,13,0.32013455239327465,0.3425352144415988,0.09813767154209903,0.0920666656367977,0.2131147540983606,0.0,0.0,-0.06588835341229285,0.06818562806716405,-0.06588835341229285,0.06818562806716405
CHEMBL2147_Ki,molformer,xgboost,crem_lime,13,0.26539115880533465,0.3389149430816097,-0.016679760426659498,0.16951993853331473,0.2131147540983606,-0.062490447749046774,-0.07941494401441357,-0.25053995784309213,0.0,-0.25053995784309213,0.0
CHEMBL2147_Ki,molformer,xgboost,crem_mean,13,0.3008086802044478,0.3967752101726744,0.036476345808845,0.14757821645725547,0.2131147540983606,-0.07141506744155543,-0.08841369879693425,-0.19110839900224624,-0.015312499999999972,-0.19110839900224624,-0.015312499999999972
CHEMBL2147_Ki,morgan,mlp,crem_lime,13,0.4204455164951695,0.39259336449253873,0.09355485158374162,0.06484863603341107,0.2131147540983606,-0.04158219271763569,-0.05132801913583143,-0.1799703483695188,0.0,-0.1799703483695188,0.0
CHEMBL2147_Ki,morgan,mlp,crem_mean,13,0.3583183443136808,0.4705254785133081,0.05661961758153853,0.08112255868068889,0.2131147540983606,-0.038668009147960855,-0.04130446431714003,-0.08715011316075003,0.0015214109658921587,-0.08715011316075003,0.0015214109658921587
CHEMBL2147_Ki,morgan,xgboost,crem_lime,13,0.20822172986270693,0.4125957943735222,-0.006370295114856434,0.12574495172051592,0.2131147540983606,-0.07763331155459022,-0.08292649188785764,-0.369876382150525,0.13867388749579113,-0.369876382150525,0.13867388749579113
CHEMBL2147_Ki,morgan,xgboost,crem_mean,13,0.3067076474998404,0.35965005969545727,0.03674745064097427,0.1380007003096986,0.2131147540983606,-0.01155052506706894,-0.01467879227273347,-0.09141420940201586,0.0,-0.09141420940201586,0.0
CHEMBL2147_Ki,unimol,mlp,crem_lime,13,0.31843199930040783,0.3340199984765632,0.0,0.0948021039254775,0.2131147540983606,0.0,0.0,-0.11004019690054813,0.030900545862666995,-0.11004019690054813,0.030900545862666995
CHEMBL2147_Ki,unimol,mlp,crem_mean,13,0.3081924079504724,0.3721112982968602,0.08459537908545246,0.13506618421019564,0.2131147540983606,0.004701224401829518,0.007845713512885419,-0.15635127186453604,0.023282641019780226,-0.15635127186453604,0.023282641019780226
CHEMBL2147_Ki,unimol,xgboost,crem_lime,13,0.46705728240900185,0.36119329431039043,0.0377055558424888,0.09444658337413285,0.2131147540983606,0.0,0.0,-0.14818913551941365,0.16561647560837064,-0.14818913551941365,0.16561647560837064
CHEMBL2147_Ki,unimol,xgboost,crem_mean,13,0.4145622895622895,0.409277471993873,0.1349787030536976,0.140767231991088,0.2131147540983606,-0.0039796136444558705,-0.0057885289373904025,-0.08963343448031016,0.1189490071849996,-0.08963343448031016,0.1189490071849996
CHEMBL218_EC50,molformer,mlp,crem_lime,20,0.47971818584779335,0.41931083282268644,0.15528216322121227,0.1220921690999931,0.28283198826118855,-0.021586330773852982,-0.024437985246601485,-0.05516759180662953,0.05802274232846087,-0.06009651585552491,0.07899301932734064
CHEMBL218_EC50,molformer,mlp,crem_mean,20,0.39592797209757125,0.3777413891378482,0.11626355221576268,0.09290367599462201,0.28283198826118855,0.02166516622816536,0.03277851899666093,-0.03813094880311863,0.06137923328828426,-0.050574341831261985,0.07140206643195642
CHEMBL218_EC50,molformer,xgboost,crem_lime,20,0.36819948547991527,0.4683393241157786,0.12490457242703172,0.1371379939868037,0.28283198826118855,0.013666636931730425,0.024103189385346765,-0.03911272679295509,0.051553737304336766,-0.04518776193162639,0.05317948758000027
CHEMBL218_EC50,molformer,xgboost,crem_mean,20,0.3790243943048704,0.36642443949893466,0.09387951108999532,0.10329461386394337,0.28283198826118855,0.008528310817226936,0.014823983482019482,-0.041479405296974026,0.054191408029217465,-0.048896303372250746,0.0555575633707422
CHEMBL218_EC50,morgan,mlp,crem_lime,20,0.33863045191656316,0.45764790607761946,0.059486291677416474,0.16445649814387336,0.28283198826118855,-0.05795400727461077,-0.07794888182312584,-0.1376889369973802,0.05596763468060597,-0.17589774889388757,0.06933919533605735
CHEMBL218_EC50,morgan,mlp,crem_mean,20,0.3471206724710537,0.40231708100287566,0.09348907193692448,0.15205701309458883,0.28283198826118855,0.010228897185088487,0.01374352647683813,-0.07869570905285193,0.041989014426463134,-0.0844929290812865,0.044275456609969864
CHEMBL218_EC50,morgan,xgboost,crem_lime,20,0.35720702148181716,0.42097427435305557,0.040230179336101346,0.09216276105264701,0.28283198826118855,-0.02607958634803298,-0.042318379106876206,-0.22704381089333636,0.09018121852155052,-0.22769491997262425,0.09081955426443633
CHEMBL218_EC50,morgan,xgboost,crem_mean,20,0.3406669192951608,0.39442085999277343,0.06384503299934563,0.11891938921182532,0.28283198826118855,-0.005560845965240424,-0.008762483896454822,-0.06731179677617607,0.05980394605394607,-0.10457353279483751,0.07110282510294305
CHEMBL218_EC50,unimol,mlp,crem_lime,20,0.35575854878471735,0.4126341349417002,0.11896617382949232,0.15592566023389193,0.28283198826118855,0.003878915073548983,0.004318693050637451,-0.06301564574796528,0.0257450721100072,-0.06914452221461359,0.04048281620924925
CHEMBL218_EC50,unimol,mlp,crem_mean,20,0.396874466375023,0.4046023582994143,0.12306763810270649,0.1437374055912493,0.28283198826118855,-0.004823114539223142,-0.0005566967587726009,-0.07567827926607866,0.06364389905821359,-0.08905107577572713,0.06746833305228173
CHEMBL218_EC50,unimol,xgboost,crem_lime,20,0.39942545082337966,0.43032206150606633,0.1209850857655222,0.11660009804016908,0.28283198826118855,0.006047029725956249,0.006840743244135033,-0.09314270982515839,0.12285304687907617,-0.10072585359476069,0.13498029864569205
CHEMBL218_EC50,unimol,xgboost,crem_mean,20,0.36299692246402937,0.36283950360023,0.13750625809714118,0.14414519551670202,0.28283198826118855,0.006367777761156546,0.01062074745432011,-0.0398783755926613,0.04400932274204255,-0.05536879436070701,0.04420389278631094
CHEMBL219_Ki,molformer,mlp,crem_lime,34,0.3387729073834529,0.43950911834387674,0.07789433623848832,0.10652320712998568,0.2558414670215913,-0.012862927204946084,-0.017585884775087834,-0.06098089182650938,0.024743284485806337,-0.06414056746871882,0.03598945322863634
CHEMBL219_Ki,molformer,mlp,crem_mean,34,0.3321715022337248,0.3291343981311087,0.005239898989899033,0.05210586531448383,0.2558414670215913,-0.004267653126679427,-0.007769324807864255,-0.017665716591470357,0.0,-0.03376961142011117,0.0
CHEMBL219_Ki,molformer,xgboost,crem_lime,34,0.32842319789864965,0.3759102123221051,0.02662055922842097,0.10485370249017942,0.2558414670215913,-0.02408535026417289,-0.032965941224787715,-0.09005502544170446,0.0676864555560469,-0.09113653325610235,0.10027188336659167
CHEMBL219_Ki,molformer,xgboost,crem_mean,34,0.3060200668896321,0.33690958084805966,0.03034466725619002,0.02855246605246605,0.2558414670215913,-0.0001998947727238909,-0.00034981585226679865,-0.01930526639394161,0.0005981391932683364,-0.026234567901234622,0.009157509157509167
CHEMBL219_Ki,morgan,mlp,crem_lime,34,0.3914982527718149,0.41423989348075074,0.07788240032874093,0.16384900135934005,0.2558414670215913,-0.0042830187133090225,-0.018439477197649982,-0.08740974703525606,0.06139801295261245,-0.09467575651791463,0.07094643133850179
CHEMBL219_Ki,morgan,mlp,crem_mean,34,0.32400811434906385,0.3643843402421833,0.0154314375248413,0.0538671488994507,0.2558414670215913,-0.017478630713140736,-0.029170130615675933,-0.050466229150510133,0.0,-0.05187555907778942,0.0
CHEMBL219_Ki,morgan,xgboost,crem_lime,34,0.4184655864868776,0.3442145544455313,0.03195408601722609,0.13282782651102093,0.2558414670215913,-0.0019565939633629514,-0.0038880782772257975,-0.10077143739204338,0.05944084740086391,-0.11753631334412726,0.07484404758054569
CHEMBL219_Ki,morgan,xgboost,crem_mean,34,0.3324752598023224,0.33512826790788625,0.04971189749452613,0.0547381156123601,0.2558414670215913,0.0,0.0,-0.019360269360269335,0.040710001449082996,-0.026282380101119933,0.05198241007692226
CHEMBL219_Ki,unimol,mlp,crem_lime,34,0.34749915633245254,0.3438536345404114,0.07456088444916023,0.06357880047355334,0.2558414670215913,0.00026639053919161326,-0.0008999086481606099,-0.027145787664078835,0.02960943082199637,-0.028985237910960467,0.02999648957124037
CHEMBL219_Ki,unimol,mlp,crem_mean,34,0.3111248264590173,0.35029681298620413,0.03856167760584141,0.02362162763688115,0.2558414670215913,-0.005374084196700213,-0.006753074665374607,-0.03780864197530846,0.0,-0.03814503579209457,0.00909892632018212
CHEMBL219_Ki,unimol,xgboost,crem_lime,34,0.3134113243143197,0.34972988216205314,0.09580995789268887,0.09297109568715943,0.2558414670215913,-0.0010377384659011057,-0.002541339405718089,-0.0442038634753802,0.07657743643476943,-0.06162183491990357,0.10063968912378293
CHEMBL219_Ki,unimol,xgboost,crem_mean,34,0.3135240643053143,0.33580837169652955,0.0372393412809999,0.06094412977401602,0.2558414670215913,-0.00015096618357490765,-0.00031565656565653386,-0.05920120023391218,0.02222222222222317,-0.0622249809426077,0.022483577029031462
CHEMBL228_Ki,molformer,mlp,crem_lime,31,0.3347730168584248,0.3647482076601869,0.06323106761130311,0.11043851958929528,0.2432432432432432,-0.037266367733569616,-0.048446278053640504,-0.14069508005709516,0.0,-0.14308624350013258,0.005412940461692599
CHEMBL228_Ki,molformer,mlp,crem_mean,31,0.3650623885918003,0.37614767910468383,0.11316319474942653,0.17698906082952134,0.2432432432432432,-0.008643943202766846,-0.010372731843320104,-0.030750475127834742,0.0,-0.03645833333333337,0.0
CHEMBL228_Ki,molformer,xgboost,crem_lime,31,0.3647341678177602,0.37172023047504094,0.0349523247171911,0.0994087623938935,0.2432432432432432,-0.03952280600151459,-0.04959724674699864,-0.11386381902547918,-0.012086399913837961,-0.12551692577073828,-0.012086399913837961
CHEMBL228_Ki,molformer,xgboost,crem_mean,31,0.3265800865800865,0.3609188542681365,0.08696585514297679,0.14975181230326215,0.2432432432432432,-0.002314814814814825,-0.003356481481481502,-0.03840540469146245,0.0025958145498494317,-0.04918279713211485,0.023809523809523836
CHEMBL228_Ki,morgan,mlp,crem_lime,31,0.373929965028242,0.36614454267594754,0.07228337019890557,0.13373087499046166,0.2432432432432432,-0.008222864088727716,-0.009804184105790766,-0.07680375180375187,0.02933157684286633,-0.08310836419831662,0.08395076348886168
CHEMBL228_Ki,morgan,mlp,crem_mean,31,0.3831399549373405,0.3288208657079299,0.1501880973090271,0.15437858231455182,0.2432432432432432,-0.0016934641093991898,-0.004233660273498141,-0.043996333949511385,0.0,-0.043996333949511385,0.002685185185185167
CHEMBL228_Ki,morgan,xgboost,crem_lime,31,0.39764619499467974,0.38523806747311645,0.16238736753442634,0.13993199653518465,0.2432432432432432,-0.012152810519714452,-0.014489889465813333,-0.08644045402603692,0.04921928989597111,-0.1207964276417622,0.06228430488711305
CHEMBL228_Ki,morgan,xgboost,crem_mean,31,0.36977491845912897,0.3028105472958414,0.13230831156374176,0.09975961538461535,0.2432432432432432,0.025762582399296186,0.03296628701601987,0.0,0.10714285714285707,-0.018287037037037032,0.13973635244642013
CHEMBL228_Ki,unimol,mlp,crem_lime,31,0.35199076506234106,0.3923784768489669,0.08242018398268393,0.13955798740668493,0.2432432432432432,0.0005623461598851937,0.0006704896521707374,-0.04365578468229396,0.10465630710144166,-0.0629575651410143,0.10465630710144166
CHEMBL228_Ki,unimol,mlp,crem_mean,31,0.38767817491914497,0.3633597883597883,0.17613882958860838,0.1641683118553355,0.2432432432432432,0.0019028921441202329,0.0020319017810097734,0.0,0.058374128757245555,0.0,0.058374128757245555
CHEMBL228_Ki,unimol,xgboost,crem_lime,31,0.35821482213399053,0.347975438410221,0.085023181636456,0.09426338079106034,0.2432432432432432,-0.017901233778369385,-0.03011797774527669,-0.06039999300937207,0.010312723255548772,-0.0739485868227876,0.010312723255548772
CHEMBL228_Ki,unimol,xgboost,crem_mean,31,0.34114886743958533,0.36653439153439155,0.12604730979062526,0.12170442195812174,0.2432432432432432,-0.0002665839062897801,-0.0002846573914620093,-0.016904900136487988,0.0008351978040905261,-0.017310707961367522,0.004342887832503514
CHEMBL231_Ki,molformer,mlp,crem_lime,15,0.2961345951879666,0.3972842873710698,0.17435233796633257,0.1796369466995116,0.21126760563380284,0.0007375526108477359,0.0014751052216954164,-0.16034175760191696,0.14446384850559418,-0.18578996900608152,0.14446384850559418
CHEMBL231_Ki,molformer,mlp,crem_mean,15,0.2969852239655573,0.2972777241869089,0.08040408664299416,0.11397273385178341,0.21126760563380284,-0.008658987903108595,-0.01082373487888591,-0.06903334780959579,0.04594143600687359,-0.19791117235184608,0.04594143600687359
CHEMBL231_Ki,molformer,xgboost,crem_lime,15,0.39179020249442775,0.2416877997478586,0.2052561243753052,0.0596928716873447,0.21126760563380284,-0.05997819746015545,-0.07863808111442602,-0.13229973569750642,0.17344372765941388,-0.13229973569750642,0.2100923065344179
CHEMBL231_Ki,molformer,xgboost,crem_mean,15,0.26167592104756443,0.2960043438460834,0.03197509648458454,0.110082406754009,0.21126760563380284,-0.024331764514830878,-0.026717231624128063,-0.16059347815203903,0.037748892220001995,-0.18799745147091787,0.04760969878491242
CHEMBL231_Ki,morgan,mlp,crem_lime,15,0.20252262881554708,0.32081377151799684,-0.0149711996893036,0.13888888888888887,0.21126760563380284,-0.10968547215440087,-0.12043894981659688,-0.1865450039658612,-0.05121582425391824,-0.18915179362547777,-0.040623872521899036
CHEMBL231_Ki,morgan,mlp,crem_mean,15,0.30261002183142405,0.37372038686487735,0.0615376779776221,0.2171837490916774,0.21126760563380284,-0.08979955898132574,-0.11429034779441455,-0.18785712644448155,-0.04354288186481343,-0.18785712644448155,-0.02995445908603436
CHEMBL231_Ki,morgan,xgboost,crem_lime,15,0.22763369488964436,0.35332321449275783,0.0082642212346194,0.119801041948476,0.21126760563380284,-0.07083902392238373,-0.08854877990297982,-0.2669247630599412,0.018092343658679136,-0.2986844821196679,0.12958974300350795
CHEMBL231_Ki,morgan,xgboost,crem_mean,15,0.3292243251614498,0.33057798491110185,0.054297437306580536,0.17282392479329203,0.21126760563380284,-0.06022559063947208,-0.07896244106064106,-0.11852648748671149,0.04328307932686026,-0.11852648748671149,0.044393070621505465
CHEMBL231_Ki,unimol,mlp,crem_lime,15,0.2962067948874662,0.22996240066662602,0.10231834273560715,0.03434451291931173,0.21126760563380284,-0.023460131595308242,-0.03937773115300733,-0.06541980648311232,0.13151389294431517,-0.06827597282746783,0.23959652058866288
CHEMBL231_Ki,unimol,mlp,crem_mean,15,0.25155036130320635,0.302061337355455,0.07598850374992246,0.10202416360585982,0.21126760563380284,-0.02278120237394521,-0.026035659855937365,-0.12104336820734403,-0.005621379667390436,-0.12104336820734403,0.04544782940334583
CHEMBL231_Ki,unimol,xgboost,crem_lime,15,0.3548397799161432,0.2854944898497236,0.08464802809085686,0.10362035999328963,0.21126760563380284,0.027554646249074555,0.040079485453199365,-0.0769360418209746,0.13312031019997778,-0.10384569579730438,0.17157115403862608
CHEMBL231_Ki,unimol,xgboost,crem_mean,15,0.26969784754735104,0.30765645219226184,0.07886172767286108,0.1111594785024989,0.21126760563380284,-0.007402856402856345,-0.00812862663843053,-0.1101186870608374,0.02113095238095237,-0.1307914582237458,0.02113095238095237
CHEMBL233_Ki,molformer,mlp,crem_lime,46,0.36192398199540843,0.33219692819347013,0.20935385946154678,0.13933496192887615,0.17832681017612517,0.03878874260981982,0.051957537334006376,0.0030825586476733308,0.09059481951228954,0.0,0.1094934212545734
CHEMBL233_Ki,molformer,mlp,crem_mean,46,0.2708193454305581,0.27077395409199967,0.06756041363801868,0.08200786956074813,0.17832681017612517,-0.001877537631214038,-0.002538941214444262,-0.03774847642837813,0.01965312777248074,-0.049298387734679025,0.025199243308210433
CHEMBL233_Ki,molformer,xgboost,crem_lime,46,0.29331637656540255,0.37418921608363365,0.09109888852853334,0.20343630910014443,0.17832681017612517,-0.044007000024818846,-0.05831202732236036,-0.10922341868784378,-0.00798191283531633,-0.11577141252669836,-0.005343728747071397
CHEMBL233_Ki,molformer,xgboost,crem_mean,46,0.2686189541803638,0.31843766266941675,0.05917147706744719,0.14990828703490555,0.17832681017612517,-0.027175752089304506,-0.03724733549938459,-0.07662145694288093,-0.009001371491160582,-0.07936507936507939,-0.003967196921503997
CHEMBL233_Ki,morgan,mlp,crem_lime,46,0.30669115234838773,0.32465356771601744,0.10156235618517284,0.15596061971005415,0.17832681017612517,-0.0036804573828839796,-0.0038938172311670845,-0.04273067906797262,0.073541151598769,-0.05105081018281227,0.0827243537972101
CHEMBL233_Ki,morgan,mlp,crem_mean,46,0.34656042715182156,0.3306088112919232,0.21674264872350057,0.17329938397173875,0.17832681017612517,-0.0037535612535612717,-0.005362230362230399,-0.020933295579268124,0.038742719759708166,-0.026755890330551004,0.05689437550129689
CHEMBL233_Ki,morgan,xgboost,crem_lime,46,0.30600012182459935,0.289925308167922,0.04506673700555515,0.1171488172210122,0.17832681017612517,-0.03483261344489649,-0.04310745742547649,-0.10146823870166881,0.008798959347106533,-0.10739282729393046,0.0287373254303308
CHEMBL233_Ki,morgan,xgboost,crem_mean,46,0.32726333147528797,0.29769183127042653,0.1448991080492829,0.14392339599531934,0.17832681017612517,-0.007848889948570442,-0.009644266871845747,-0.028348776770906033,0.053056361307581665,-0.031824852169464804,0.05348528015194676
CHEMBL233_Ki,unimol,mlp,crem_lime,46,0.37678725406381564,0.4094039205979041,0.1365681450650114,0.20651514684560812,0.17832681017612517,-0.0038095215502766677,-0.004548527193980547,-0.05597084009357789,0.034177495584743325,-0.08068476419962142,0.03520442482308635
CHEMBL233_Ki,unimol,mlp,crem_mean,46,0.34146255360491795,0.3086386128131243,0.17308407316047444,0.15395259902835656,0.17832681017612517,-0.0029815092315092218,-0.004007422395103586,-0.0455541305013429,0.009968216087604632,-0.05370095683858947,0.023518501828864533
CHEMBL233_Ki,unimol,xgboost,crem_lime,46,0.32879188135933657,0.31937942826318705,0.1300417463761665,0.1710566152034948,0.17832681017612517,0.013120218961876845,0.016219129655091577,-0.014905671876818433,0.0394172890548672,-0.02240667041664625,0.04243520809547621
CHEMBL233_Ki,unimol,xgboost,crem_mean,46,0.28599760970406074,0.30400765589117373,0.11944252206752204,0.12214657525982026,0.17832681017612517,-0.003023531483824282,-0.0038780077727311457,-0.022650472237727266,0.038875518574780304,-0.02846795054674857,0.04124106563958915
CHEMBL236_Ki,molformer,mlp,crem_lime,37,0.2887220336686867,0.29092610070036734,0.04127568086265943,0.10169270356015302,0.19047619047619038,-0.01640812383196444,-0.023981104062101924,-0.10222002402600183,0.016037583300022903,-0.13272693308757028,0.03588662045502503
CHEMBL236_Ki,molformer,mlp,crem_mean,37,0.2772137326126449,0.2983076206346646,0.06607956518820937,0.060842815672764096,0.19047619047619038,-0.009569816851245638,-0.012873078152676768,-0.039498151957246166,0.0,-0.04753269764811853,0.0
CHEMBL236_Ki,molformer,xgboost,crem_lime,37,0.2599225149511321,0.3126831781856079,0.05048362521580233,0.1149104607319512,0.19047619047619038,-0.00407054604908904,-0.004314778812034367,-0.07230921184293695,0.017717812711889835,-0.08518767458815564,0.022320817850028873
CHEMBL236_Ki,molformer,xgboost,crem_mean,37,0.2838361928886991,0.3030253891209351,0.0985093145879495,0.0971010722703022,0.19047619047619038,-0.0006033452807646111,-0.0007182681913864668,-0.028026298889794063,0.02817473504652969,-0.05189777409519526,0.0305014520700795
CHEMBL236_Ki,morgan,mlp,crem_lime,37,0.2352941176470588,0.3541455473736779,0.0352018743709627,0.17431310489629404,0.19047619047619038,-0.08730301104785926,-0.13911123052533134,-0.16194377637078564,-0.04983632577398994,-0.16389815751161302,-0.007933143325660419
CHEMBL236_Ki,morgan,mlp,crem_mean,37,0.27552783400135744,0.32905056635627256,0.04840686274509797,0.16000416736844977,0.19047619047619038,-0.0552302265635598,-0.07642888467299774,-0.09092995134270952,-0.016787375838742853,-0.1009384788853313,-0.013725490196078424
CHEMBL236_Ki,morgan,xgboost,crem_lime,37,0.20642599144921125,0.32336837453565764,0.0,0.144791026625704,0.19047619047619038,-0.03725069649992249,-0.0493788302440833,-0.15535187214581062,-0.0017572602305574326,-0.16124079177400477,0.0
CHEMBL236_Ki,morgan,xgboost,crem_mean,37,0.28378621091463896,0.2980998605510113,0.057686108763031735,0.10586355785762318,0.19047619047619038,-0.02458389400322053,-0.03503204895458922,-0.05969569266617293,0.0,-0.06529467894825894,0.0
CHEMBL236_Ki,unimol,mlp,crem_lime,37,0.23541694236913735,0.2870123302424083,0.056532095319784266,0.1192505255935632,0.19047619047619038,-0.03627148442813122,-0.0595224359846257,-0.09081980805546708,0.0,-0.09855581730749072,0.0009827150149730596
CHEMBL236_Ki,unimol,mlp,crem_mean,37,0.283829365079365,0.3074074074074074,0.08652912223834393,0.12399209087185713,0.19047619047619038,-0.00021371221371219162,-0.0003507072225021335,-0.0468312324929972,0.010556524046961918,-0.060387200025825705,0.027353266888150533
CHEMBL236_Ki,unimol,xgboost,crem_lime,37,0.27771602920344335,0.3057381046337739,0.06819816734929211,0.1148160834080617,0.19047619047619038,-0.014110945140417108,-0.020751389912378168,-0.07278474890129027,0.0338201609093095,-0.09566801544836354,0.037173312400814874
CHEMBL236_Ki,unimol,xgboost,crem_mean,37,0.3016435185185185,0.3411111111111111,0.09912633235710154,0.0895833333333333,0.19047619047619038,0.0,0.0,-0.009019392505067406,0.024537037037037066,-0.010792557097867889,0.0432501385647351
CHEMBL237_EC50,molformer,mlp,crem_lime,18,0.36015240601081033,0.30181476771752297,0.21450018033732937,0.1510044426853522,0.18620689655172418,0.014471025789397213,0.023131480057576766,-0.08941718434738292,0.20758779462865268,-0.1078544283806677,0.2715568109306374
CHEMBL237_EC50,molformer,mlp,crem_mean,18,0.34796622170914493,0.38907681446214304,0.25768707978529404,0.23916902877658008,0.18620689655172418,-0.015904148328625328,-0.01805290836631724,-0.06782880826263651,0.053667178042964093,-0.07668225623582758,0.06568716710114933
CHEMBL237_EC50,molformer,xgboost,crem_lime,18,0.24215639636047354,0.33440917111984036,0.11167790505699896,0.12187546419463698,0.18620689655172418,0.009980074696232757,0.013591154535744332,-0.08807662427571726,0.13765102308571867,-0.10208378418990643,0.17009954087494417
CHEMBL237_EC50,molformer,xgboost,crem_mean,18,0.3209271666934348,0.3347870291517832,0.18929024679024675,0.2597287873482726,0.18620689655172418,-0.027763916238776873,-0.036629279311219634,-0.08040539661863196,0.02115202598691147,-0.08867854763602698,0.04383799943549696
CHEMBL237_EC50,morgan,mlp,crem_lime,18,0.2900408691897239,0.3611976834165572,0.12994306248494178,0.18316244286481886,0.18620689655172418,-0.028447703140092415,-0.03214366756333072,-0.12370191046163466,0.08489525161753769,-0.16630586364364242,0.09198871774021705
CHEMBL237_EC50,morgan,mlp,crem_mean,18,0.48112029866922656,0.3519945332871959,0.34387966702107037,0.2054466180411558,0.18620689655172418,0.005315659622663782,0.007460708291124857,-0.03406248081864051,0.14185672202917404,-0.04166619101945314,0.1608545165555726
CHEMBL237_EC50,morgan,xgboost,crem_lime,18,0.31504083477655476,0.2843648938089086,0.09397369194347405,0.08903352312527389,0.18620689655172418,-0.07613150920324896,-0.0878985572958157,-0.11400172378138115,0.06891688420434341,-0.11766169683181163,0.09574094208887797
CHEMBL237_EC50,morgan,xgboost,crem_mean,18,0.3786087561985392,0.36086965337550814,0.2052821245049441,0.288280101855402,0.18620689655172418,-0.01415131935965272,-0.01689401455026453,-0.05332231505013926,0.16866279539479123,-0.060737032059198344,0.19685328741575747
CHEMBL237_EC50,unimol,mlp,crem_lime,18,0.40355781299186855,0.33429265279903697,0.17774461923709545,0.16071273114552176,0.18620689655172418,-0.016349059367951786,-0.019869040122811696,-0.05609221595932275,0.16346035270210305,-0.06706347114596584,0.1704032667505442
CHEMBL237_EC50,unimol,mlp,crem_mean,18,0.543086666556941,0.483772626887381,0.41239872666791466,0.4009813942718449,0.18620689655172418,0.03629384387043903,0.04661141431217101,-0.016065119439980347,0.07506159774366106,-0.022403406089619028,0.09470389033063628
CHEMBL237_EC50,unimol,xgboost,crem_lime,18,0.3177610942810959,0.3199424304383568,0.13688180508082481,0.16141343723510188,0.18620689655172418,-0.0009232207561733277,-0.00033187780246792496,-0.02727951775088633,0.09614605450753444,-0.07308911086749456,0.12026131654882564
CHEMBL237_EC50,unimol,xgboost,crem_mean,18,0.48699711713565835,0.4262043617848327,0.28854879799904154,0.3129116048588779,0.18620689655172418,0.012895784063180205,0.014631778483419367,-0.07075693633233315,0.061283539542468124,-0.07537205482641991,0.06750054987516524
CHEMBL237_Ki,molformer,mlp,crem_lime,40,0.22612884270980693,0.336496918255837,0.0395920998076827,0.14768716384287975,0.17906178489702512,-0.027213720990038243,-0.037196448083904834,-0.10924479639631733,-0.009029799924949317,-0.12350730353326053,-0.003555540625631775
CHEMBL237_Ki,molformer,mlp,crem_mean,40,0.24630026575185884,0.31442902732086164,0.08612201513107307,0.1565247874288278,0.17906178489702512,-0.023342499124514277,-0.026921601671617983,-0.05158516094317023,-0.010984582881123422,-0.059329333495508924,-0.008372257757599241
CHEMBL237_Ki,molformer,xgboost,crem_lime,40,0.24350588358265712,0.2891660131239641,0.0636675965364074,0.08607771770393574,0.17906178489702512,0.007789881891754932,0.008610186774094059,-0.008676439532897557,0.04445999657833759,-0.015096197679859199,0.054376123640500915
CHEMBL237_Ki,molformer,xgboost,crem_mean,40,0.28000048197416616,0.28606690023329884,0.09149980058265719,0.15261550555008835,0.17906178489702512,-0.018233217544373827,-0.021009700176366816,-0.041644484869663906,0.003322981888892733,-0.043711174830246224,0.009621824972327865
CHEMBL237_Ki,morgan,mlp,crem_lime,40,0.319071759320238,0.3226826607369495,0.1749079157831538,0.17114730935144618,0.17906178489702512,0.009974734735321053,0.012897377654426292,-0.060430949479269996,0.09554084794289588,-0.10166992169668157,0.11888987688024222
CHEMBL237_Ki,morgan,mlp,crem_mean,40,0.28821268300168024,0.3097345979714896,0.1731809571685945,0.14368624534460053,0.17906178489702512,-0.01877042710376045,-0.025054519905468385,-0.04671052027499208,0.01280234015979709,-0.05159650290161826,0.028731434246270324
CHEMBL237_Ki,morgan,xgboost,crem_lime,40,0.2505269414106284,0.3049734810469604,0.06699089440602601,0.12372627721442862,0.17906178489702512,0.0063020442177438435,0.0025308305044245832,-0.07536895302287971,0.09358725582713467,-0.08554174277658796,0.11879315261115543
CHEMBL237_Ki,morgan,xgboost,crem_mean,40,0.3202370287439097,0.2767556060941217,0.17242390064905905,0.09562469398276746,0.17906178489702512,0.0444491479220651,0.05192640026362877,0.0004907444156916664,0.12058893068751524,-0.0026424554810327828,0.12232882859040402
CHEMBL237_Ki,unimol,mlp,crem_lime,40,0.2576104123408155,0.31802757219475675,0.07176305030434492,0.1698524671585206,0.17906178489702512,-0.03909511957258244,-0.05027179628580986,-0.10010967106113616,-0.010874068227191221,-0.1077224571189629,-0.0040369971766659185
CHEMBL237_Ki,unimol,mlp,crem_mean,40,0.2930327388660721,0.31026469340189233,0.15184078886370628,0.16830517597634514,0.17906178489702512,-0.0042265904125191045,-0.006316078214543548,-0.0229015429920308,0.012513012488547541,-0.029260734760498282,0.021677088343755067
CHEMBL237_Ki,unimol,xgboost,crem_lime,40,0.28148106751688884,0.322247669516997,0.09200889599704909,0.11975392564850817,0.17906178489702512,0.004519183548613463,0.005042391947763266,-0.05699180937394907,0.03522072169508128,-0.0723579623072539,0.04343542780193373
CHEMBL237_Ki,unimol,xgboost,crem_mean,40,0.3008656387660498,0.3075852517498826,0.12933864082554372,0.15482622576719277,0.17906178489702512,-0.010542385668833233,-0.013375411943154909,-0.039169836589476016,0.004356988910560334,-0.04590710940092793,0.009827344634372265
CHEMBL238_Ki,molformer,mlp,crem_lime,19,0.3447606206037592,0.3499999999999999,0.07569360807307374,0.10560601977875313,0.2244897959183673,-0.008626943239880586,-0.011124216283003899,-0.025483867051914896,0.0011467823894139861,-0.026832527019715613,0.03304586031375553
CHEMBL238_Ki,molformer,mlp,crem_mean,19,0.35807237568073474,0.312622781701729,0.13493655618801811,0.1384497864253298,0.2244897959183673,-0.00033970658970655654,-0.00043676561533709246,-0.010758195453804964,0.013398878026987568,-0.03880017125470893,0.03059749647722343
CHEMBL238_Ki,molformer,xgboost,crem_lime,19,0.3495481671612734,0.315377357522745,0.12851097073658044,0.09145058397560597,0.2244897959183673,0.012634677843656184,0.013867329340598214,-0.053043349291227074,0.05410692894745317,-0.10830746806685124,0.10466928667275843
CHEMBL238_Ki,molformer,xgboost,crem_mean,19,0.3499999999999999,0.35081024581549797,0.1682800922780705,0.1642083355580394,0.2244897959183673,0.0,0.0,-0.06496470402382087,0.047655614061864054,-0.06608477676571722,0.047655614061864054
CHEMBL238_Ki,morgan,mlp,crem_lime,19,0.2523682016781802,0.3499999999999999,0.002564161355220302,0.13948979071980808,0.2244897959183673,-0.12481814123221388,-0.16772437728078746,-0.20838183967299925,-0.06007346313437172,-0.2110402213855629,-0.04262495358763241
CHEMBL238_Ki,morgan,mlp,crem_mean,19,0.33001184273243095,0.3771856183156573,0.11246880285146767,0.2105555555555556,0.2244897959183673,-0.009270063614700785,-0.011834123763447932,-0.09012074835938472,0.0,-0.1125221260753105,0.008511237045158437
CHEMBL238_Ki,morgan,xgboost,crem_lime,19,0.24151169670040404,0.3548313157999316,0.0,0.07623515559526096,0.2244897959183673,-0.04808845197060779,-0.05409950846693366,-0.22837019831840633,0.0,-0.24704821829460238,0.013622043187321076
CHEMBL238_Ki,morgan,xgboost,crem_mean,19,0.28694572669971324,0.287037037037037,0.06634323123684824,0.043922743922743895,0.2244897959183673,-0.0037977401020879153,-0.008521127205708065,-0.04071515583611701,0.0,-0.04071515583611701,0.06634323123684824
CHEMBL238_Ki,unimol,mlp,crem_lime,19,0.46969377902373094,0.3988925495667819,0.32844991688011066,0.24861568695847733,0.2244897959183673,0.022632487888230593,0.024558657070207567,0.0,0.13618146020692928,-0.001367071793357863,0.13618146020692928
CHEMBL238_Ki,unimol,mlp,crem_mean,19,0.43393278080891257,0.36910402390173996,0.23134188508649714,0.15253999112462702,0.2244897959183673,0.026628272839300193,0.033993539794851334,0.0,0.07362265390605627,-0.021195190899591796,0.08314992733746054
CHEMBL238_Ki,unimol,xgboost,crem_lime,19,0.39409380958623697,0.3499999999999999,0.1908350339097525,0.11365978475491327,0.2244897959183673,0.0,0.0,-0.116350107240786,0.06930547130671633,-0.12686247929308617,0.08342930814898031
CHEMBL238_Ki,unimol,xgboost,crem_mean,19,0.3705911882512915,0.367648393140432,0.17055544772256725,0.19582053210270114,0.2244897959183673,-0.02801586116973076,-0.03593338715248076,-0.08956098768250537,0.0,-0.09796232019243392,0.04018503440063492
CHEMBL239_EC50,molformer,mlp,crem_lime,33,0.4099565208289395,0.343888973472618,0.0422676527392041,0.07395182335480543,0.2363636363636363,-0.015275457308893875,-0.016527543973557296,-0.05245461545801797,0.12982259970519652,-0.0705584852807977,0.12982259970519652
CHEMBL239_EC50,molformer,mlp,crem_mean,33,0.33375012536913284,0.2995747816667008,0.07977115987173933,0.06074943945649377,0.2363636363636363,0.008837637228024886,0.0122113124356411,-0.018502273114555868,0.043733204730362824,-0.018502273114555868,0.043733204730362824
CHEMBL239_EC50,molformer,xgboost,crem_lime,33,0.2777589055106449,0.3454684762031636,0.016702929423103665,0.09402484967761839,0.2363636363636363,-0.047639078856956174,-0.05856804603446853,-0.12579784180526843,0.001365826005887194,-0.13302647329813058,0.0015655178915265633
CHEMBL239_EC50,molformer,xgboost,crem_mean,33,0.3286955683633095,0.3152016784874956,0.04912735220201756,0.08393457690998711,0.2363636363636363,-0.0171671380906675,-0.027385672668445736,-0.054499141437749005,0.004227752564125498,-0.054499141437749005,0.01750087303076369
CHEMBL239_EC50,morgan,mlp,crem_lime,33,0.2669549405102312,0.3465782174965228,0.07011111771478613,0.08018563934740566,0.2363636363636363,-0.017980783280092394,-0.021700070042728233,-0.059366046333747716,0.058517850639618764,-0.059366046333747716,0.058517850639618764
CHEMBL239_EC50,morgan,mlp,crem_mean,33,0.31710053055462734,0.32142126550824707,0.06317096028522233,0.08292355406431257,0.2363636363636363,-0.01092383600619068,-0.013218530058352633,-0.04175976489522036,0.012182867909338403,-0.04175976489522036,0.012182867909338403
CHEMBL239_EC50,morgan,xgboost,crem_lime,33,0.23988276284192087,0.3072440295134652,0.04447786589362703,0.042001010367317675,0.2363636363636363,0.003352745504628829,0.0035499658284305,-0.10321798138909141,0.06251463785900463,-0.10321798138909141,0.06251463785900463
CHEMBL239_EC50,morgan,xgboost,crem_mean,33,0.2753734877003575,0.2822802197802197,0.004850881129311267,0.05410445030010247,0.2363636363636363,-0.018047356256023654,-0.01952664775241897,-0.039307864993315275,-0.006830367701279108,-0.039307864993315275,-0.006830367701279108
CHEMBL239_EC50,unimol,mlp,crem_lime,33,0.31611674833061926,0.2972678288840271,0.051880805258041805,0.017422646662567567,0.2363636363636363,0.00029948770471460717,0.0004146752834510159,-0.019935098120548667,0.06483796747653027,-0.019935098120548667,0.06483796747653027
CHEMBL239_EC50,unimol,mlp,crem_mean,33,0.3067937584674401,0.30635763915729125,0.039777449441314935,0.08086120390617713,0.2363636363636363,-0.0003786185012505383,-0.0006980778616807737,-0.053772835009649834,0.009439381396940089,-0.06611880832830849,0.009439381396940089
CHEMBL239_EC50,unimol,xgboost,crem_lime,33,0.3177113974105818,0.29737479760135566,0.0298080027462008,0.060015391672291675,0.2363636363636363,-0.002295811878535503,-0.004974259070160275,-0.030948303888535367,0.05325386223175774,-0.052728774092823394,0.10651780235612558
CHEMBL239_EC50,unimol,xgboost,crem_mean,33,0.3387407071933177,0.2563055255575889,0.08014435599393656,0.03433936305857083,0.2363636363636363,0.003009409771864202,0.003451970032432434,-0.017153969594297963,0.13180936890823244,-0.017153969594297963,0.13180936890823244
CHEMBL244_Ki,molformer,mlp,crem_lime,52,0.25623891368625795,0.32867181500668285,0.07397036587487008,0.11536158098734625,0.20761494252873558,-0.0372448849218011,-0.0562525796021673,-0.1046686307037396,-0.0015862124597120011,-0.10861348931855144,0.006560556393158362
CHEMBL244_Ki,molformer,mlp,crem_mean,52,0.2507656050361873,0.29698641245745766,0.056539694052385216,0.08834727986148772,0.20761494252873558,-0.006066285895737017,-0.009737034164289553,-0.043507251043674394,0.00433739387227762,-0.0482913507914764,0.008131296457484186
CHEMBL244_Ki,molformer,xgboost,crem_lime,52,0.27610284502065596,0.25496533445685887,0.09994494239067345,0.05929329091846526,0.20761494252873558,0.015010693801781924,0.019033983997894653,-0.014516338490189844,0.0484266100635201,-0.020197040892558315,0.06411665098418623
CHEMBL244_Ki,molformer,xgboost,crem_mean,52,0.25881146509264213,0.2859829494671472,0.043512174020584736,0.06619026492547372,0.20761494252873558,-0.005173028210305571,-0.006252991553901764,-0.03747139613374459,0.004508885713373492,-0.04955205829337644,0.007429914959732966
CHEMBL244_Ki,morgan,mlp,crem_lime,52,0.2328614571897906,0.33083350092573066,0.041149690453467,0.15315061969479749,0.20761494252873558,-0.0727188852099401,-0.09691756054357886,-0.12326582875437041,-0.03538201782012592,-0.12725956879998385,-0.02432176722608887
CHEMBL244_Ki,morgan,mlp,crem_mean,52,0.2649467953370064,0.3120383222031793,0.03598790092979025,0.08030877263073641,0.20761494252873558,-0.03718729185769154,-0.04342973386221865,-0.06726767327969996,-0.009425809568794095,-0.07188425609478247,-0.0030204634255137364
CHEMBL244_Ki,morgan,xgboost,crem_lime,52,0.22413980594740116,0.26847325163654856,0.04329341702667955,0.07887426289780389,0.20761494252873558,-0.027983927256242522,-0.03324247091786353,-0.06217670948202091,-0.0020435871434416487,-0.07209032974595969,0.009245911355494518
CHEMBL244_Ki,morgan,xgboost,crem_mean,52,0.259697796308507,0.2969745888320513,0.021212422953740467,0.07023589735369243,0.20761494252873558,-0.025123160420549767,-0.02980169260409859,-0.06852254264402918,-0.006577580700716651,-0.07436778587898037,0.0024838965803281165
CHEMBL244_Ki,unimol,mlp,crem_lime,52,0.2498685740485485,0.28589826699835963,0.04694142466555405,0.06530897026303747,0.20761494252873558,-0.001968516278418056,-0.002704586559658273,-0.040966193983926105,0.025287144650482547,-0.049905640605809036,0.03434982605596916
CHEMBL244_Ki,unimol,mlp,crem_mean,52,0.2801842815003797,0.28830082030439086,0.04602082113939958,0.08562171676466962,0.20761494252873558,-0.01618118640520831,-0.019740497634373185,-0.03630163211257431,-0.004563493627269568,-0.04046696513363174,-0.002072458249526234
CHEMBL244_Ki,unimol,xgboost,crem_lime,52,0.25877576899488225,0.26734826873496265,0.053821468568360786,0.061706547369849665,0.20761494252873558,-0.007238922846830878,-0.009050285496247744,-0.03931084600637508,0.04178765263712586,-0.04283376109724468,0.044493648911949055
CHEMBL244_Ki,unimol,xgboost,crem_mean,52,0.27543666816291235,0.30219340903842407,0.07636564889134026,0.06352998506918014,0.20761494252873558,0.012295426294108958,0.018924112183704635,-0.023165708536567034,0.041575439228635686,-0.027305672956745096,0.04965643173700059
CHEMBL262_Ki,molformer,mlp,crem_lime,13,0.3648707077922077,0.4477393516538437,0.13493405616304424,0.21087517308595724,0.1607142857142857,-0.03208905709873211,-0.052471207575420245,-0.24697894851318267,0.14817919028348775,-0.24697894851318267,0.14817919028348775
CHEMBL262_Ki,molformer,mlp,crem_mean,13,0.3135736798929234,0.2996345254142589,0.042615921955919504,0.13423753133272429,0.1607142857142857,-0.04057105459949184,-0.04686656307182674,-0.13060995644611942,-0.009134968748007533,-0.13060995644611942,-0.009134968748007533
CHEMBL262_Ki,molformer,xgboost,crem_lime,13,0.4110443054887498,0.42088631151834227,0.21434855519462193,0.23172221866803144,0.1607142857142857,0.004117136959601697,0.004858221612329905,-0.13087251134918343,0.0783066067086787,-0.13087251134918343,0.0783066067086787
CHEMBL262_Ki,molformer,xgboost,crem_mean,13,0.31517926517926514,0.2743607449589179,0.07696160981875264,0.06364447228166627,0.1607142857142857,-0.009442349764930413,-0.01709329685491988,-0.08075010483138892,0.009718620797558211,-0.08075010483138892,0.009718620797558211
CHEMBL262_Ki,morgan,mlp,crem_lime,13,0.30659987071751776,0.3540186814380362,0.18402116402116397,0.0895262109764039,0.1607142857142857,-0.0507627659136872,-0.08784689014307182,-0.14734024946777313,0.054723911260608674,-0.14734024946777313,0.054723911260608674
CHEMBL262_Ki,morgan,mlp,crem_mean,13,0.2420119768457364,0.2622928585200727,0.0497496191175667,0.05723032069970843,0.1607142857142857,-0.012562731706104419,-0.014824023413203196,-0.06667331322411936,0.05938549525513524,-0.06667331322411936,0.05938549525513524
CHEMBL262_Ki,morgan,xgboost,crem_lime,13,0.18511113046544603,0.407685813398216,-0.008676977343643968,0.16859220824129115,0.1607142857142857,-0.13868190841476402,-0.15589576206525482,-0.29523782390449055,-0.05051602699605939,-0.29523782390449055,-0.05051602699605939
CHEMBL262_Ki,morgan,xgboost,crem_mean,13,0.22607908505789398,0.3013468013468013,0.03368690267869153,0.09305555555555554,0.1607142857142857,-0.03400673400673404,-0.0374074074074075,-0.11298725472234611,0.054038103395235376,-0.11298725472234611,0.054038103395235376
CHEMBL262_Ki,unimol,mlp,crem_lime,13,0.4545028731049085,0.481668161368376,0.26819374644087285,0.31012095932857753,0.1607142857142857,-0.02170932771282119,-0.025078016495845235,-0.06406355573839542,0.1929986045903888,-0.06406355573839542,0.1929986045903888
CHEMBL262_Ki,unimol,mlp,crem_mean,13,0.30437710437710436,0.3630422319891917,0.0834720381659158,0.10076550398474131,0.1607142857142857,0.02093173555222061,0.02644008701333128,-0.1261051123942331,0.07679274339902353,-0.1261051123942331,0.07679274339902353
CHEMBL262_Ki,unimol,xgboost,crem_lime,13,0.49743174860666306,0.41617774131944785,0.33149758454106276,0.30438198965721447,0.1607142857142857,0.0964743688315366,0.11144452951229211,-0.26591565936784173,0.2896205519769405,-0.26591565936784173,0.2896205519769405
CHEMBL262_Ki,unimol,xgboost,crem_mean,13,0.27209165326640383,0.28771043771043764,0.0818838873061095,0.1166860383037097,0.1607142857142857,0.03675150070498348,0.04245431977989471,-0.11196507754262428,0.07337126750854348,-0.11196507754262428,0.07337126750854348
CHEMBL264_Ki,molformer,mlp,crem_lime,46,0.3896128970102967,0.44943107847078323,0.035898035764996665,0.11924458133297867,0.33346938775510204,-0.042177862753082745,-0.08737828757812972,-0.1465109440865227,-0.05224916004961472,-0.16436730033925526,-0.03645072011629401
CHEMBL264_Ki,molformer,mlp,crem_mean,46,0.4567472198759498,0.45461331364151525,0.1062924845794521,0.10974083467855267,0.33346938775510204,-0.0008148949766430547,-0.001090705584122234,-0.05331187431311683,0.018263278456764537,-0.06465063424748657,0.02243135231696454
CHEMBL264_Ki,molformer,xgboost,crem_lime,46,0.45930062363869595,0.45244161403243155,0.08498574012329882,0.057917439119726896,0.33346938775510204,0.012891439977149227,0.01716511366322055,-0.04519772586496116,0.08530879786703442,-0.05222450826444326,0.09171466484660759
CHEMBL264_Ki,molformer,xgboost,crem_mean,46,0.45323136516704177,0.41615046355788887,0.10660572746841297,0.09805932812100801,0.33346938775510204,-0.009053342490842484,-0.011636188566335599,-0.057942278782547985,0.08082977023504095,-0.058042977690234004,0.08154358560559775
CHEMBL264_Ki,morgan,mlp,crem_lime,46,0.44166933665470715,0.4572992596212523,0.12262976186826008,0.13795703812792087,0.33346938775510204,-0.015283340831973635,-0.04537570804865426,-0.10675566212559662,-0.0019626702949890012,-0.10761293383076663,0.03353523942135969
CHEMBL264_Ki,morgan,mlp,crem_mean,46,0.45874175895538394,0.480633955099098,0.09086956993314448,0.11602931445715205,0.33346938775510204,-5.02073905487288e-05,-0.00041002702281484754,-0.03357480489678436,0.02505924973088855,-0.03401147510459251,0.026569034090600335
CHEMBL264_Ki,morgan,xgboost,crem_lime,46,0.4036957757573567,0.4284695115470608,0.01694719425065415,0.14041081389297172,0.33346938775510204,-0.045713796496345355,-0.08832850544657915,-0.16424259132370458,0.020623505076356102,-0.20165451725512917,0.028933244911452317
CHEMBL264_Ki,morgan,xgboost,crem_mean,46,0.4393559715851715,0.40816589053253577,0.0793128508379837,0.05901461359737688,0.33346938775510204,0.017147642066593277,0.03615990351893554,-0.02962132957969394,0.08111744577648236,-0.035069972044761935,0.09483107472237905
CHEMBL264_Ki,unimol,mlp,crem_lime,46,0.40105573519356785,0.39908701979274697,0.04347133315110599,0.05222715905002531,0.33346938775510204,-0.01634090808572919,-0.023860397873897057,-0.0590075875924506,0.03130220598658645,-0.07211150727849464,0.046181381628330964
CHEMBL264_Ki,unimol,mlp,crem_mean,46,0.4480786477726535,0.45505400449356687,0.10041329391306061,0.13615797034039767,0.33346938775510204,0.003593094908620087,0.005895059720672537,-0.023712927814173328,0.031819352537208884,-0.030811604152248498,0.03289908707806653
CHEMBL264_Ki,unimol,xgboost,crem_lime,46,0.377612572521315,0.430981022753788,0.03162901924175195,0.06363934209739028,0.33346938775510204,-0.028785930487818856,-0.04206103165869843,-0.10818508791499641,-0.006855844413231833,-0.11510986678400156,0.00514584007142882
CHEMBL264_Ki,unimol,xgboost,crem_mean,46,0.4521064260264889,0.46059685613736173,0.10620867814940498,0.14136496380116412,0.33346938775510204,0.0004718727585094895,0.0006522946955865999,-0.02208759013642387,0.03911709159853113,-0.03661628332680959,0.04649342427120201
CHEMBL2835_Ki,molformer,mlp,crem_lime,5,0.2626131922162239,0.3821913853260603,0.037235565172158765,0.1885577527114214,0.2933333333333333,-0.19434841610180226,-0.24987653498803136,-0.3198292035008252,0.29352328559754315,-0.3198292035008252,0.29352328559754315
CHEMBL2835_Ki,molformer,mlp,crem_mean,5,0.5308175557804821,0.5437402738873327,0.31108776844070957,0.3151651450053705,0.2933333333333333,-0.0031712928836251653,-0.0040773765646609506,-0.2921381969853333,0.16343442321907514,-0.2921381969853333,0.16343442321907514
CHEMBL2835_Ki,molformer,xgboost,crem_lime,5,0.28841020013718777,0.43266132195225754,0.0850988287478129,0.14813789649417805,0.2933333333333333,-0.08801267567714938,-0.09727716785369145,-0.23523100445721695,0.09701719825712601,-0.23523100445721695,0.09701719825712601
CHEMBL2835_Ki,molformer,xgboost,crem_mean,5,0.5742193971605736,0.5667768959435626,0.3990937534720625,0.3571078431372548,0.2933333333333333,0.00990763977202258,0.018046058156183986,-0.10209454696911435,0.16819140168354232,-0.10209454696911435,0.16819140168354232
CHEMBL2835_Ki,morgan,mlp,crem_lime,5,0.5560182024647905,0.5142218756189344,0.19131886877515394,0.46308733621040127,0.2933333333333333,-0.012143816093702464,-0.018595218393481786,-0.42017527020623,0.14900265662982526,-0.42017527020623,0.14900265662982526
CHEMBL2835_Ki,morgan,mlp,crem_mean,5,0.598258198322671,0.6489579692753066,0.43149745045661,0.4996140780873753,0.2933333333333333,-0.012761700045436974,-0.01954135319457556,-0.41474888200894394,0.10991988525860907,-0.41474888200894394,0.10991988525860907
CHEMBL2835_Ki,morgan,xgboost,crem_lime,5,0.22572091343252032,0.4635432216997992,0.004498317270383301,0.1625628905830108,0.2933333333333333,-0.12179887335572703,-0.18650452482595697,-0.3972941501064974,0.011373217981538637,-0.3972941501064974,0.011373217981538637
CHEMBL2835_Ki,morgan,xgboost,crem_mean,5,0.35412098341019904,0.5245626320703719,0.1891769865841073,0.3464697741110812,0.2933333333333333,-0.13644626603386195,-0.17543091347210835,-0.29719120596668647,0.1219945168702933,-0.29719120596668647,0.1219945168702933
CHEMBL2835_Ki,unimol,mlp,crem_lime,5,0.4667297556202254,0.36031629231797235,0.20069224629679275,0.17390347991825675,0.2933333333333333,0.00808763107489674,0.014731042314990422,-0.11340013314858521,0.228760262981247,-0.11340013314858521,0.228760262981247
CHEMBL2835_Ki,unimol,mlp,crem_mean,5,0.5941103098644517,0.49213736437003724,0.382735906862745,0.2844255245958032,0.2933333333333333,0.016365209185278284,0.02505922656495746,-0.12767379679144392,0.14430133796379402,-0.12767379679144392,0.14430133796379402
CHEMBL2835_Ki,unimol,xgboost,crem_lime,5,0.6450417929730579,0.409778435610624,0.4564702454899949,0.096223229528768,0.2933333333333333,0.23526335736243387,0.3602470159612269,0.009469938573499884,0.5219154057954428,0.009469938573499884,0.5219154057954428
CHEMBL2835_Ki,unimol,xgboost,crem_mean,5,0.6547291319237198,0.4566901890812008,0.4620084112973944,0.23116536190735962,0.2933333333333333,0.18287037037037035,0.2021198830409358,0.14919817498077653,0.578217866093806,0.14919817498077653,0.578217866093806
CHEMBL287_Ki,molformer,mlp,crem_lime,26,0.4352074232046229,0.41182357950266013,0.013342962641898317,0.03368550223034932,0.34340456890198967,0.002443192313630771,0.0034492126780669152,-0.07055432278203339,0.0872562302311213,-0.09064353263305575,0.09705053913808143
CHEMBL287_Ki,molformer,mlp,crem_mean,26,0.5095070870475604,0.5277458059061833,0.21772135398886927,0.11581529195493477,0.34340456890198967,0.005132493717686412,0.005719064428279151,-0.019297253532583325,0.03382961228367226,-0.022793360376066163,0.04357800281047297
CHEMBL287_Ki,molformer,xgboost,crem_lime,26,0.45418901234142584,0.39526542541150533,0.08339753541163764,0.06331027976819946,0.34340456890198967,0.018798274738871426,0.0262186463463207,-0.08271004526138825,0.1340507107709341,-0.10224996105710059,0.1525901351415772
CHEMBL287_Ki,molformer,xgboost,crem_mean,26,0.5162891637645333,0.4860379325312351,0.21859224515756337,0.15462022497669703,0.34340456890198967,0.004367335740875278,0.006696581469342072,-0.05186737475191045,0.1071529014157786,-0.0633891383248764,0.11946458364396532
CHEMBL287_Ki,morgan,mlp,crem_lime,26,0.5052268748945355,0.5188636467232779,0.19513111272100753,0.16443829890342881,0.34340456890198967,0.012785022088543346,0.02983171820660112,-0.09337594297196963,0.10621790576255098,-0.1251730643797207,0.12221659211560221
CHEMBL287_Ki,morgan,mlp,crem_mean,26,0.5396102960893487,0.5090064610955362,0.150792981675615,0.15596895407599093,0.34340456890198967,-0.0066363889110893914,-0.012440639109770082,-0.028018545775528106,0.01958433038832169,-0.031937119570879316,0.02952848278935232
CHEMBL287_Ki,morgan,xgboost,crem_lime,26,0.4378165267627204,0.48737321628741215,0.09783199299024924,0.1411355974616343,0.34340456890198967,0.008351909133234525,0.015659829624814665,-0.09080374313744705,0.11898754895621924,-0.14496370381121265,0.16279268724584603
CHEMBL287_Ki,morgan,xgboost,crem_mean,26,0.5317189458234055,0.48180009355896375,0.21830944767157576,0.10654136313331197,0.34340456890198967,0.0028466153569348673,0.006054422321529543,-0.030799572307724534,0.1471390715690614,-0.03973260535760533,0.1717166978667083
CHEMBL287_Ki,unimol,mlp,crem_lime,26,0.43160360690794974,0.45370214495150407,0.09443386015617708,0.13130042450301785,0.34340456890198967,0.00993397495899459,0.02144706464535158,-0.07410529372809675,0.0781990689472184,-0.10205678192321337,0.10040081446047536
CHEMBL287_Ki,unimol,mlp,crem_mean,26,0.4682964300061292,0.496553348510529,0.0757708588089195,0.1277458418808361,0.34340456890198967,-0.01605400305703819,-0.026740039228536232,-0.050911866281257157,0.0,-0.05830849674394602,0.002056558234250901
CHEMBL287_Ki,unimol,xgboost,crem_lime,26,0.39970312259711355,0.4692383494236761,0.09392523041620304,0.16430540591198645,0.34340456890198967,-0.02647665672440236,-0.04683507250865422,-0.16629838794610574,0.012738974867809005,-0.18399429805010853,0.025541197953569343
CHEMBL287_Ki,unimol,xgboost,crem_mean,26,0.47606463030288876,0.4929888686883211,0.1091551298046829,0.18248885698862138,0.34340456890198967,0.00016677766677769545,0.0002188956876457704,-0.04287246932486054,0.02058743223121328,-0.06381808728356031,0.030643315481223198
CHEMBL2971_Ki,molformer,mlp,crem_lime,11,0.3690996415061774,0.5351097292996158,0.047285233772474095,0.1625252677255112,0.2631578947368421,-0.10126424666612088,-0.17212002286672543,-0.2731740230609009,-0.07542031613396914,-0.2731740230609009,-0.07542031613396914
CHEMBL2971_Ki,molformer,mlp,crem_mean,11,0.44738461538461544,0.5361639350745268,0.06526545536427976,0.24240109395506035,0.2631578947368421,-0.04497899350820424,-0.051404564009376257,-0.19839166457397073,0.0,-0.19839166457397073,0.0
CHEMBL2971_Ki,molformer,xgboost,crem_lime,11,0.37696836495494085,0.43296749003192286,0.10980350767328306,0.08924647624733406,0.2631578947368421,-0.052552279617070874,-0.0713209509088818,-0.12465658873948873,0.020557031425949,-0.12465658873948873,0.020557031425949
CHEMBL2971_Ki,molformer,xgboost,crem_mean,11,0.5410226831107408,0.533758565007081,0.2503370490808766,0.25854582610382754,0.2631578947368421,-0.00661871640512357,-0.02231953055976027,-0.08311589655833633,0.03303426885509003,-0.08311589655833633,0.03303426885509003
CHEMBL2971_Ki,morgan,mlp,crem_lime,11,0.3395653224051271,0.4667891886401478,0.09591056996405994,0.19251546790890947,0.2631578947368421,-0.07513714284599415,-0.09660489794484953,-0.2604034217237191,-0.0019996489497007344,-0.2604034217237191,0.01608631798198515
CHEMBL2971_Ki,morgan,mlp,crem_mean,11,0.5819264160513704,0.4939566229692862,0.2731618173597184,0.17346248418316745,0.2631578947368421,0.0,0.0,-0.050811691192774344,0.08568783068783101,-0.050811691192774344,0.08568783068783101
CHEMBL2971_Ki,morgan,xgboost,crem_lime,11,0.47582232967952254,0.5190570284499996,0.0200598437769306,0.19526232920290776,0.2631578947368421,-0.10043615776854037,-0.23561733865143686,-0.27584986394578087,0.33140815389316364,-0.37337820452273185,0.33140815389316364
CHEMBL2971_Ki,morgan,xgboost,crem_mean,11,0.4499470656886401,0.5109055419777878,0.13749999999999996,0.1642327849285317,0.2631578947368421,-0.0027230767576296167,-0.022329229412562518,-0.07335828073095721,0.1309149528257347,-0.10142170091726482,0.1309149528257347
CHEMBL2971_Ki,unimol,mlp,crem_lime,11,0.3789185742434246,0.392669399089324,0.0346240449999169,0.1208171780198178,0.2631578947368421,-0.010917187342383727,-0.01516276019775517,-0.16183494521577335,0.1342857425602267,-0.16183494521577335,0.1342857425602267
CHEMBL2971_Ki,unimol,mlp,crem_mean,11,0.5725886193964321,0.5401977494385836,0.24457523428206596,0.22570014552575113,0.2631578947368421,0.0,0.0,-0.11406199597905103,0.17181887448700317,-0.11406199597905103,0.17181887448700317
CHEMBL2971_Ki,unimol,xgboost,crem_lime,11,0.43695572377028763,0.3819748922687891,0.10081541948294491,0.12486745158759793,0.2631578947368421,-0.028860957919419783,-0.037679583950353646,-0.20539634179951824,0.12626494384736142,-0.20539634179951824,0.12626494384736142
CHEMBL2971_Ki,unimol,xgboost,crem_mean,11,0.4997237311048153,0.49415295882328175,0.18288209413786505,0.1624565006525791,0.2631578947368421,-0.0032741666009724613,-0.006325094570060641,-0.07310405643738978,0.04761904761904778,-0.07310405643738978,0.04761904761904778
CHEMBL3979_EC50,molformer,mlp,crem_lime,17,0.2993626030081025,0.31714776192617444,0.049134961225282,0.1999217486795771,0.1851851851851851,-0.033474154746262,-0.045117339005831356,-0.2196810381867069,0.0017793815108393006,-0.24723161138199465,0.06456401489666108
CHEMBL3979_EC50,molformer,mlp,crem_mean,17,0.24,0.24,0.0,0.034160470057815466,0.1851851851851851,-0.028768868672630024,-0.030686793250805398,-0.06255847619445318,0.0,-0.0782094356644716,0.029778135681643333
CHEMBL3979_EC50,molformer,xgboost,crem_lime,17,0.300875769317352,0.2966047248805251,0.06454122506222153,0.1232983660430666,0.1851851851851851,-0.031140733208331273,-0.04631185964315934,-0.09169863460122317,0.030607671462603597,-0.0988205560813214,0.05855808630333148
CHEMBL3979_EC50,molformer,xgboost,crem_mean,17,0.26274779451497543,0.24,0.0008819321709530333,0.054363642542681535,0.1851851851851851,-0.00986490331918724,-0.013296174038904467,-0.06430288527521527,0.0,-0.07793273174175004,0.0007975412387176998
CHEMBL3979_EC50,morgan,mlp,crem_lime,17,0.26720074972785773,0.3063988043196299,0.004188541889031098,0.08736684778898673,0.1851851851851851,-0.03150084219411026,-0.04725126329116527,-0.09975293380213383,0.021138031637748765,-0.10966752279205677,0.09669496491047444
CHEMBL3979_EC50,morgan,mlp,crem_mean,17,0.22347952298384913,0.24,0.008839654619429366,0.0531807986721319,0.1851851851851851,-0.010522626759771558,-0.011504817444219032,-0.06389534312807708,0.0,-0.14785999867183877,0.0008217674587614361
CHEMBL3979_EC50,morgan,xgboost,crem_lime,17,0.194989452555242,0.29256694944975015,-0.0014763680998496006,0.09687410242611054,0.1851851851851851,-0.021593066857468257,-0.030385657258347167,-0.0707815699763392,0.007263205403838263,-0.1007730821503234,0.015345047519570137
CHEMBL3979_EC50,morgan,xgboost,crem_mean,17,0.2385555458158017,0.22192204665971446,0.00046192552584303423,0.020188495825703433,0.1851851851851851,-0.004152941912013139,-0.004449580620014035,-0.0417536363159,0.0003260031697745053,-0.0488736842266743,0.0195220694003785
CHEMBL3979_EC50,unimol,mlp,crem_lime,17,0.28726425248002996,0.3541641902789703,0.11745655411445939,0.16655676404810482,0.1851851851851851,-0.007721840722282103,-0.008741706478055361,-0.11321659665772604,0.06188814891838107,-0.1459754199451265,0.07721956124503257
CHEMBL3979_EC50,unimol,mlp,crem_mean,17,0.26105654972221354,0.24,0.0129808026192898,0.09319753220492392,0.1851851851851851,-0.00404952300785634,-0.004367132655531333,-0.06633866601339716,0.036064995131121366,-0.07651957090168182,0.044129331535488425
CHEMBL3979_EC50,unimol,xgboost,crem_lime,17,0.29204025125852034,0.346074199524741,0.12118371890141694,0.1480248738629312,0.1851851851851851,-0.015514909918766195,-0.025599601365964324,-0.16198251418426157,0.03694394018761632,-0.17589067915865306,0.04494585912514655
CHEMBL3979_EC50,unimol,xgboost,crem_mean,17,0.25132575757575754,0.2459999039938556,0.05552135198652264,0.0435997810443165,0.1851851851851851,0.005156560431801682,0.0069981891574452115,-0.04554101344275361,0.03285922996818633,-0.07378693904386269,0.037122957055022256
CHEMBL4005_Ki,molformer,mlp,crem_lime,17,0.37127563772040234,0.4133421296746452,0.08495271542827414,0.2675784931903309,0.2156862745098039,-0.0872695369607146,-0.17153350107413542,-0.19873104444363024,-0.008033862536255515,-0.20008825896197918,0.014092461214220763
CHEMBL4005_Ki,molformer,mlp,crem_mean,17,0.38681556898681135,0.3795791068638867,0.09964520235724567,0.16847445769839978,0.2156862745098039,-0.032851455929558515,-0.04923881911061395,-0.0575818572195384,0.013715930276032545,-0.10945850868961582,0.024960408679693173
CHEMBL4005_Ki,molformer,xgboost,crem_lime,17,0.33802012948831717,0.3554702584297181,0.009478886858878864,0.11392598400514274,0.2156862745098039,-0.05810242669236884,-0.06972291203084259,-0.12140448251616227,-0.006068303592147689,-0.1490219598252897,0.012768819075196058
CHEMBL4005_Ki,molformer,xgboost,crem_mean,17,0.42699758267287535,0.367092293215655,0.20130992625546004,0.14995743733749725,0.2156862745098039,0.048009365200440725,0.0511575202955516,-0.048443692938026084,0.17266938144839605,-0.0701385328925464,0.17761696055229687
CHEMBL4005_Ki,morgan,mlp,crem_lime,17,0.2995665504467022,0.38825445492112154,0.09687571116419284,0.22159624914984052,0.2156862745098039,-0.05758780218711912,-0.07343972088282677,-0.22562190241836325,0.018739964551045846,-0.2684578303838272,0.044407481925284466
CHEMBL4005_Ki,morgan,mlp,crem_mean,17,0.35324702435089456,0.39184439153091183,0.0725547602184688,0.18144281938887494,0.2156862745098039,-0.04648762136936868,-0.08309867562004308,-0.1187206942240484,-0.03340792875626575,-0.16853412679951937,-0.004976174937602067
CHEMBL4005_Ki,morgan,xgboost,crem_lime,17,0.2590258436701052,0.3678978670321175,0.050746705229886134,0.1595800058240266,0.2156862745098039,-0.10611533724132988,-0.11383281631342666,-0.19845168486920298,0.015801892924870525,-0.22295138484420188,0.038317795275167474
CHEMBL4005_Ki,morgan,xgboost,crem_mean,17,0.3705171001892678,0.37517372949844985,0.12461569132962658,0.22907829256305287,0.2156862745098039,0.0023521750417425658,0.0036850742320633303,-0.11233313318926297,0.03842809335006579,-0.14304493924191114,0.04116395787448418
CHEMBL4005_Ki,unimol,mlp,crem_lime,17,0.3169040051481426,0.309977594223842,0.09010229368574384,0.09004540374902681,0.2156862745098039,-0.0002258428128487644,-0.0004968541882672817,-0.03450697380530274,0.011294372977323039,-0.05736693346254931,0.05512549283406326
CHEMBL4005_Ki,unimol,mlp,crem_mean,17,0.3212001619105444,0.39759448791235874,0.12250402576489532,0.17794772323757824,0.2156862745098039,-0.04428350287483414,-0.062222884380969706,-0.09929915015460475,-0.001858889744640435,-0.10120834537120559,0.009375174602136896
CHEMBL4005_Ki,unimol,xgboost,crem_lime,17,0.33922588125791964,0.29505346629138235,0.0719464427241005,0.09004814320955262,0.2156862745098039,-0.010300269527005246,-0.0126181061839418,-0.0567335282504259,0.04344171214729774,-0.07598965767037569,0.06420509854030684
CHEMBL4005_Ki,unimol,xgboost,crem_mean,17,0.34908782166007885,0.3602727638107855,0.13765971857244272,0.13047021508971016,0.2156862745098039,-0.01359845300062694,-0.015778099153996306,-0.09190094103119693,0.004904010010456631,-0.09394100885931952,0.013966353864447278
CHEMBL4203_Ki,molformer,mlp,crem_lime,6,0.3627540324827373,0.4705993065149705,-0.03157212527595203,0.12642292777553224,0.3401360544217687,-0.11581091629147688,-0.22996880363287803,-0.7018988634185761,0.07963855811913621,-0.8243258689362581,0.08970076162268226
CHEMBL4203_Ki,molformer,mlp,crem_mean,6,0.5261544387051431,0.546521972456754,0.0593924534794878,0.021719148028592063,0.3401360544217687,-0.016634952349238064,-0.03901700831847883,-0.1495580545738106,0.029060209027502976,-0.15226387019127405,0.05480880493324031
CHEMBL4203_Ki,molformer,xgboost,crem_lime,6,0.32656413135714224,0.48090547981520815,-0.056142177896427885,0.1534083248446819,0.3401360544217687,-0.1144083650235773,-0.33093756764381216,-0.6631442516960536,-0.04359108648356624,-0.7105261116949422,-0.03274094584795978
CHEMBL4203_Ki,molformer,xgboost,crem_mean,6,0.478859442082214,0.5580046441981251,-0.021729121846308687,0.07808115166147273,0.3401360544217687,-0.05467172842827071,-0.12467653011810217,-0.41049664621093224,-0.02747164911266977,-0.4164787272106616,-0.018368186848625352
CHEMBL4203_Ki,morgan,mlp,crem_lime,6,0.5248416495346656,0.42828265757117256,0.12901202150117153,0.19463545901865908,0.3401360544217687,0.015299550732589151,0.023427437059277426,-0.8143981168743069,0.09119835527897621,-0.8881384856227842,0.13279342215367673
CHEMBL4203_Ki,morgan,mlp,crem_mean,6,0.5305888871158931,0.5140377865596775,0.0032797602583963213,0.06013462874437705,0.3401360544217687,-0.02629978951951506,-0.031241520234224898,-0.4519670805385093,0.12037858230413367,-0.5503499018994041,0.13616136789107935
CHEMBL4203_Ki,morgan,xgboost,crem_lime,6,0.5427840091595004,0.5645058829442462,0.23979392329651222,0.16379899825612745,0.3401360544217687,0.1068674296186457,0.1472572229239068,-0.6208866189753025,0.3900905896224658,-0.6342282780205188,0.4725738268852194
CHEMBL4203_Ki,morgan,xgboost,crem_mean,6,0.5611891054260705,0.572238577094723,0.07918054779730671,0.01784576934817355,0.3401360544217687,-0.001072785915390062,0.03239890498245447,-0.44340069224571427,0.14322916666666652,-0.4626189924956849,0.15334597203310407
CHEMBL4203_Ki,unimol,mlp,crem_lime,6,0.46695518085358023,0.4196039061555459,0.08220524340094439,0.1212192784559428,0.3401360544217687,0.03241048691623681,0.06173986067046243,-0.5155427361330054,0.07300212526253164,-0.5441886780867989,0.07359931791133936
CHEMBL4203_Ki,unimol,mlp,crem_mean,6,0.6561425311193019,0.5115829706859412,0.055571756619074354,-0.0024881206779521674,0.3401360544217687,0.008557322926887545,0.03348722904849301,-0.15437102579959763,0.24092189725990376,-0.20433674125244544,0.24408632449305273
CHEMBL4203_Ki,unimol,xgboost,crem_lime,6,0.47965539077896485,0.4370416544697532,0.15250218581337388,0.14686862323934,0.3401360544217687,0.01214553289730351,0.019129783489048195,-0.3151941866722482,0.08366735583496487,-0.33552860848411786,0.10193468801849254
CHEMBL4203_Ki,unimol,xgboost,crem_mean,6,0.6079284830314309,0.5521740037890698,-0.015442122434287383,0.00788430319680315,0.3401360544217687,-0.009907088799819566,-0.013065784196548118,-0.2320477745089496,0.09188676680882121,-0.26807795379223914,0.13589426073875632
CHEMBL4616_EC50,molformer,mlp,crem_lime,9,0.17514670502474686,0.2889121691216426,-0.030661537442840364,0.029483709042010035,0.22388059701492527,-0.025671384420211718,-0.03307659146450351,-0.0993131978505366,-0.01594508618746953,-0.22596013525949302,0.0
CHEMBL4616_EC50,molformer,mlp,crem_mean,9,0.26132543433127126,0.3010130221626652,0.038930745011826036,0.13159636049883167,0.22388059701492527,-0.013162679030447377,-0.01974401854567115,-0.0511359304750652,0.0,-0.1255718423636104,0.05367289191705937
CHEMBL4616_EC50,molformer,xgboost,crem_lime,9,0.17032203751221733,0.25496583179880733,-0.006519811132166566,0.01189584420528677,0.22388059701492527,-0.03134152267508261,-0.04701228401262403,-0.12844382718076092,0.0,-0.2298686303407304,0.005277219449050056
CHEMBL4616_EC50,molformer,xgboost,crem_mean,9,0.28586761206033523,0.3252675473669001,0.059495714452348636,0.130633186030429,0.22388059701492527,0.0,0.0,-0.0507653012603817,0.060522854994510156,-0.1748729752705913,0.19393161696302985
CHEMBL4616_EC50,morgan,mlp,crem_lime,9,0.22150867836879526,0.4342311855559533,0.0,0.18959112615134185,0.22388059701492527,-0.0005908281384193192,-0.0009600957249313868,-0.27116953718075243,0.011624986972358198,-0.29226028010331295,0.08928989974910886
CHEMBL4616_EC50,morgan,mlp,crem_mean,9,0.39291532138027113,0.4064142350160538,0.16296590385147028,0.1767927335554653,0.22388059701492527,-0.011850568435031517,-0.013826829703995014,-0.12948403591053187,0.0,-0.13822442856921757,0.07552481617040313
CHEMBL4616_EC50,morgan,xgboost,crem_lime,9,0.30803544508990666,0.29202307742036016,0.17328222777945523,0.10033229960489387,0.22388059701492527,-0.003159540467169375,-0.005134253259150207,-0.04356952571230284,0.06009547961252716,-0.13297555206030415,0.25784376025702793
CHEMBL4616_EC50,morgan,xgboost,crem_mean,9,0.4362170665733028,0.3605810321264709,0.19909402595534795,0.16072409184170322,0.22388059701492527,0.07193635470271065,0.09098631014385367,0.0,0.15822247776564144,-0.05574971179379311,0.1822456042941053
CHEMBL4616_EC50,unimol,mlp,crem_lime,9,0.2673722734833095,0.32031564232228255,0.007854945492447474,0.13036232261332487,0.22388059701492527,0.0,0.0,-0.15565101509288823,0.003472574603847065,-0.22034709755864695,0.005961530448141572
CHEMBL4616_EC50,unimol,mlp,crem_mean,9,0.3119302655228878,0.3598737226483852,0.10492139949877162,0.17738884876240454,0.22388059701492527,-0.012397653311533419,-0.018596479967299996,-0.0786765406554474,0.0,-0.07974451556620901,0.0
CHEMBL4616_EC50,unimol,xgboost,crem_lime,9,0.33900958225040956,0.24070530059334003,0.11476155157124386,0.02897490642143974,0.22388059701492527,0.06001541981194963,0.07073245906408336,0.0,0.15545598756817727,-0.08127137695306072,0.17927906253607462
CHEMBL4616_EC50,unimol,xgboost,crem_mean,9,0.3628631764596677,0.3167735042735042,0.06900505481389273,0.09462596829750851,0.22388059701492527,0.0,0.0,-0.03600107966635058,0.052318006265374695,-0.06117899801477934,0.16131205856364383
CHEMBL4792_Ki,molformer,mlp,crem_lime,21,0.4134278554892314,0.5531046665801532,0.1061757797931145,0.35455936655058684,0.2666666666666666,-0.05105720926615065,-0.0696234671811144,-0.15960961923972283,0.01860546150468151,-0.15960961923972283,0.01860546150468151
CHEMBL4792_Ki,molformer,mlp,crem_mean,21,0.44030202864424944,0.4056501958318089,0.1471269007912373,0.10645174401616941,0.2666666666666666,0.005732680754794939,0.010318825358630795,-0.0423773679102251,0.04701528661429773,-0.0423773679102251,0.04701528661429773
CHEMBL4792_Ki,molformer,xgboost,crem_lime,21,0.3731787100243132,0.4084088130444738,0.1097613504242132,0.16897061754008838,0.2666666666666666,-0.002281616833966771,-0.0032150055387715204,-0.0818765649219928,0.06780266774330022,-0.0818765649219928,0.06780266774330022
CHEMBL4792_Ki,molformer,xgboost,crem_mean,21,0.4496453221443179,0.43164134385733194,0.14230370176132903,0.1233559317371913,0.2666666666666666,-0.030406066348403787,-0.03848623129349581,-0.08311388840530143,0.035302524511045166,-0.08311388840530143,0.035302524511045166
CHEMBL4792_Ki,morgan,mlp,crem_lime,21,0.4267737915634749,0.4715916845944659,0.19491458672982223,0.19495486225079464,0.2666666666666666,-0.010761272814528766,-0.03382114313137613,-0.13610231951607843,0.19992956679164,-0.13610231951607843,0.19992956679164
CHEMBL4792_Ki,morgan,mlp,crem_mean,21,0.3809680950503907,0.44271827389634294,0.19266936831448978,0.13806892378962057,0.2666666666666666,0.016615256088940294,0.017781238972374686,-0.024276045442344296,0.08578357983882645,-0.04430048532604139,0.08578357983882645
CHEMBL4792_Ki,morgan,xgboost,crem_lime,21,0.409738376392587,0.4066753150911418,0.0679815913328836,0.16888804349357087,0.2666666666666666,0.022626605854885184,0.04072789053879328,-0.16912768184348753,0.12086348802155794,-0.16912768184348753,0.12086348802155794
CHEMBL4792_Ki,morgan,xgboost,crem_mean,21,0.41851210668283834,0.39582244906489567,0.10134170445944646,0.10139233954451343,0.2666666666666666,0.040870028930760416,0.061305043396140624,-0.07520328657355903,0.12628326660905045,-0.07520328657355903,0.12628326660905045
CHEMBL4792_Ki,unimol,mlp,crem_lime,21,0.3456605285960763,0.46320115186231847,0.09242348106328434,0.2061274075694667,0.2666666666666666,-0.01068931707390347,-0.013361646342379324,-0.22661882912695003,0.08139627243857797,-0.22661882912695003,0.08139627243857797
CHEMBL4792_Ki,unimol,mlp,crem_mean,21,0.42443735957499124,0.3951141422348825,0.1229521669714152,0.12709644512186288,0.2666666666666666,0.014440075085907278,0.0170186599226764,-0.015902347674810833,0.03895676691729333,-0.015902347674810833,0.03895676691729333
CHEMBL4792_Ki,unimol,xgboost,crem_lime,21,0.446804731967499,0.48288835943938846,0.10646186306071626,0.20095675713356254,0.2666666666666666,-0.07236663383064779,-0.13025994089516585,-0.21212482451183073,0.1040102096174629,-0.21212482451183073,0.1040102096174629
CHEMBL4792_Ki,unimol,xgboost,crem_mean,21,0.39398145538383417,0.4040938003259053,0.11555436641821876,0.12129806422971956,0.2666666666666666,-0.0032062902144065486,-0.005112733044594114,-0.0273261172610929,0.0452647178883937,-0.035563930954994896,0.0452647178883937
