dataset,component_id,representation,predictor,mapping_combinations_evaluated,chosen_mapping_nap,minimum_mapping_nap,maximum_mapping_nap,mapping_nap_range
CHEMBL1862_Ki,10,morgan,xgboost,2,0.011114731544839074,0.011114731544839074,0.012096774193548388,0.0009820426487093144
CHEMBL1862_Ki,10,morgan,mlp,2,0.03494553376906318,0.03494553376906318,0.06100217864923747,0.02605664488017429
CHEMBL1862_Ki,10,molformer,xgboost,2,0.06481481481481481,0.06481481481481481,0.07716049382716049,0.012345679012345678
CHEMBL1862_Ki,10,molformer,mlp,2,0.02777777777777778,0.02777777777777778,0.056372549019607844,0.028594771241830064
CHEMBL1862_Ki,10,unimol,xgboost,2,0.011114731544839074,0.01059203142536476,0.011114731544839074,0.0005227001194743133
CHEMBL1862_Ki,10,unimol,mlp,2,0.05514403292181069,0.05514403292181069,0.08539094650205761,0.03024691358024692
CHEMBL1871_Ki,19,morgan,xgboost,2,0.23529411764705885,0.16470588235294117,0.23529411764705885,0.07058823529411767
CHEMBL1871_Ki,19,morgan,mlp,2,0.6218487394957982,0.35714285714285715,0.6218487394957982,0.26470588235294107
CHEMBL1871_Ki,19,molformer,xgboost,2,0.16176470588235292,0.125,0.16176470588235292,0.03676470588235292
CHEMBL1871_Ki,19,molformer,mlp,2,0.3823529411764705,0.29411764705882354,0.3823529411764705,0.08823529411764697
CHEMBL1871_Ki,19,unimol,xgboost,2,0.3235294117647059,0.29411764705882354,0.3235294117647059,0.02941176470588236
CHEMBL1871_Ki,19,unimol,mlp,2,0.07563025210084033,0.07563025210084033,0.10588235294117648,0.030252100840336152
CHEMBL1871_Ki,35,morgan,xgboost,2,0.02758018092105262,0.02758018092105262,0.02758018092105262,0.0
CHEMBL1871_Ki,35,morgan,mlp,2,0.0088575946112711,0.0088575946112711,0.0088575946112711,0.0
CHEMBL1871_Ki,35,molformer,xgboost,2,0.09275729174922723,0.09275729174922723,0.09275729174922723,0.0
CHEMBL1871_Ki,35,molformer,mlp,2,0.07922472747840395,0.07922472747840395,0.07922472747840395,0.0
CHEMBL1871_Ki,35,unimol,xgboost,2,0.3935069444444445,0.3935069444444445,0.3935069444444445,0.0
CHEMBL1871_Ki,35,unimol,mlp,2,0.13686637931034484,0.13686637931034484,0.13686637931034484,0.0
CHEMBL1871_Ki,37,morgan,xgboost,4,-0.004497227093789057,-0.004497227093789057,0.00400153221142185,0.008498759305210907
CHEMBL1871_Ki,37,morgan,mlp,4,0.07097562997347479,0.0581896551724138,0.07578332228116715,0.017593667108753347
CHEMBL1871_Ki,37,molformer,xgboost,4,-0.00028096903096902704,-0.00028096903096902704,0.01397132279485221,0.014252291825821236
CHEMBL1871_Ki,37,molformer,mlp,4,0.006289905746427492,0.006289905746427492,0.038128990574642745,0.03183908482821525
CHEMBL1871_Ki,37,unimol,xgboost,4,0.01574097503373821,0.01574097503373821,0.04895488283646177,0.03321390780272356
CHEMBL1871_Ki,37,unimol,mlp,4,0.030677655677655662,0.030677655677655662,0.053371108058608056,0.022693452380952394
CHEMBL2034_Ki,16,morgan,xgboost,2,0.014674140604018655,0.009929152161487183,0.014674140604018655,0.004744988442531472
CHEMBL2034_Ki,16,morgan,mlp,2,0.001205211422602736,0.001205211422602736,0.0017144706818619964,0.0005092592592592603
CHEMBL2034_Ki,16,molformer,xgboost,2,0.056207590569292726,0.056207590569292726,0.0971985815602837,0.040990990990990975
CHEMBL2034_Ki,16,molformer,mlp,2,0.026346450617283967,0.026346450617283967,0.027237654320987674,0.0008912037037037066
CHEMBL2034_Ki,16,unimol,xgboost,2,0.10624127750939348,0.08485238862050458,0.10624127750939348,0.0213888888888889
CHEMBL2034_Ki,16,unimol,mlp,2,0.0804708113686442,0.06598690021290643,0.0804708113686442,0.014483911155737772
CHEMBL2047_EC50,30,morgan,xgboost,2,0.19444444444444445,0.19444444444444445,0.2077020202020202,0.013257575757575746
CHEMBL2047_EC50,30,morgan,mlp,2,0.2788682277318641,0.2217312008978676,0.2788682277318641,0.05713702683399649
CHEMBL2047_EC50,30,molformer,xgboost,2,0.5757575757575757,0.5227272727272728,0.5757575757575757,0.05303030303030287
CHEMBL2047_EC50,30,molformer,mlp,2,0.11808300395256915,0.11439393939393938,0.11808300395256915,0.0036890645586297732
CHEMBL2047_EC50,30,unimol,xgboost,2,0.05371353867113726,0.05371353867113726,0.05448883549906568,0.000775296827928415
CHEMBL2047_EC50,30,unimol,mlp,2,0.15826612903225806,0.15826612903225806,0.3434343434343434,0.18516821440208536
CHEMBL204_Ki,0,morgan,xgboost,2,0.06016042780748663,0.06016042780748663,0.061853434555640435,0.0016930067481538066
CHEMBL204_Ki,0,morgan,mlp,2,0.04041290093921673,0.03502294697783419,0.04041290093921673,0.005389953961382539
CHEMBL204_Ki,0,molformer,xgboost,2,0.08160714285714286,0.05811507936507936,0.08160714285714286,0.0234920634920635
CHEMBL204_Ki,0,molformer,mlp,2,0.9471428571428571,0.7797619047619048,0.9471428571428571,0.1673809523809523
CHEMBL204_Ki,0,unimol,xgboost,2,0.11404220779220778,0.0512847066726377,0.11404220779220778,0.06275750111957007
CHEMBL204_Ki,0,unimol,mlp,2,0.598489010989011,0.5540178571428571,0.598489010989011,0.044471153846153855
CHEMBL204_Ki,4,morgan,xgboost,2,0.0006990881458966491,0.0006990881458966491,0.002127659574468087,0.001428571428571438
CHEMBL204_Ki,4,morgan,mlp,2,0.0028956228956228927,0.0004105571847507311,0.0028956228956228927,0.0024850657108721618
CHEMBL204_Ki,4,molformer,xgboost,2,0.02971428571428571,0.02971428571428571,0.5097142857142858,0.4800000000000001
CHEMBL204_Ki,4,molformer,mlp,2,0.03786096256684491,0.03786096256684491,0.08617647058823528,0.048315508021390376
CHEMBL204_Ki,4,unimol,xgboost,2,0.01372448979591836,0.01372448979591836,0.11122448979591835,0.09749999999999999
CHEMBL204_Ki,4,unimol,mlp,2,-0.00252551020408164,-0.002949999999999998,-0.00252551020408164,0.00042448979591835825
CHEMBL204_Ki,20,morgan,xgboost,2,0.11520737327188939,0.11520737327188939,0.11520737327188939,0.0
CHEMBL204_Ki,20,morgan,mlp,2,0.07096774193548387,0.07096774193548387,0.07096774193548387,0.0
CHEMBL204_Ki,20,molformer,xgboost,2,0.01466275659824047,0.01466275659824047,0.01466275659824047,0.0
CHEMBL204_Ki,20,molformer,mlp,2,0.13978494623655913,0.13978494623655913,0.13978494623655913,0.0
CHEMBL204_Ki,20,unimol,xgboost,2,0.05750350631136045,0.05750350631136045,0.05750350631136045,0.0
CHEMBL204_Ki,20,unimol,mlp,2,0.028462998102466792,0.028462998102466792,0.028462998102466792,0.0
CHEMBL204_Ki,35,morgan,xgboost,2,-0.026992615227909366,-0.026992615227909366,-0.015406162464985973,0.011586452762923393
CHEMBL204_Ki,35,morgan,mlp,2,0.15592903828197946,-0.020074696545284775,0.15592903828197946,0.17600373482726422
CHEMBL204_Ki,35,molformer,xgboost,2,0.057040998217468816,-0.020499108734402853,0.057040998217468816,0.07754010695187166
CHEMBL204_Ki,35,molformer,mlp,2,0.17647058823529413,-0.009803921568627449,0.17647058823529413,0.18627450980392157
CHEMBL204_Ki,35,unimol,xgboost,2,0.009259259259259248,-0.007625272331154679,0.009259259259259248,0.016884531590413927
CHEMBL204_Ki,35,unimol,mlp,2,-0.01572936867054515,-0.01572936867054515,-0.015406162464985973,0.00032320620555917855
CHEMBL204_Ki,155,morgan,xgboost,3,0.02623741990205629,0.02623741990205629,0.07846034036510226,0.05222292046304597
CHEMBL204_Ki,155,morgan,mlp,3,0.04906966492758823,0.04906966492758823,0.06149407447284872,0.012424409545260494
CHEMBL204_Ki,155,molformer,xgboost,3,0.2669022359132661,0.2669022359132661,0.4064803678746707,0.13957813196140456
CHEMBL204_Ki,155,molformer,mlp,3,0.09128415676034722,0.09128415676034722,0.13329725829725828,0.042013101536911054
CHEMBL204_Ki,155,unimol,xgboost,3,-0.1000935525661146,-0.1000935525661146,-0.0903616823691281,0.0097318701969865
CHEMBL204_Ki,155,unimol,mlp,3,-0.08145407077170146,-0.08398095051429831,-0.0768584433917912,0.007122507122507116
CHEMBL2147_Ki,8,morgan,xgboost,2,0.115829346092504,0.115829346092504,0.12001594896331737,0.0041866028708133635
CHEMBL2147_Ki,8,morgan,mlp,2,-0.011655956752345972,-0.015529375764993856,-0.011655956752345972,0.003873419012647884
CHEMBL2147_Ki,8,molformer,xgboost,2,0.006007754657237606,0.006007754657237606,0.007382826567885974,0.0013750719106483678
CHEMBL2147_Ki,8,molformer,mlp,2,0.24325236167341435,0.24325236167341435,0.37400318979266345,0.1307508281192491
CHEMBL2147_Ki,8,unimol,xgboost,2,0.08647551365043628,0.08647551365043628,0.1575,0.07102448634956372
CHEMBL2147_Ki,8,unimol,mlp,2,0.09517543859649122,0.07628920786815524,0.09517543859649122,0.01888623072833598
CHEMBL218_EC50,49,morgan,xgboost,2,0.6114800498592058,0.6114800498592058,0.6305841341806816,0.01910408432147581
CHEMBL218_EC50,49,morgan,mlp,2,0.701100680720246,0.6973962028309855,0.701100680720246,0.003704477889260538
CHEMBL218_EC50,49,molformer,xgboost,2,0.4217494238166713,0.4217494238166713,0.4753363803384104,0.053586956521739115
CHEMBL218_EC50,49,molformer,mlp,2,0.4349436392914655,0.4349436392914655,0.4400513285024156,0.0051076892109500616
CHEMBL218_EC50,49,unimol,xgboost,2,0.10891955266955271,0.10891955266955271,0.203484770060857,0.09456521739130429
CHEMBL218_EC50,49,unimol,mlp,2,0.3707326892109502,0.22892976588628763,0.3707326892109502,0.14180292332466257
CHEMBL218_EC50,57,morgan,xgboost,2,0.06569771420085474,0.06569771420085474,0.08865131851557194,0.0229536043147172
CHEMBL218_EC50,57,morgan,mlp,2,0.14446729740847386,0.10305380893616195,0.14446729740847386,0.04141348847231191
CHEMBL218_EC50,57,molformer,xgboost,2,0.27022727116535744,0.21235181328989958,0.27022727116535744,0.057875457875457864
CHEMBL218_EC50,57,molformer,mlp,2,0.2670861901631133,0.19319996243073165,0.2670861901631133,0.07388622773238165
CHEMBL218_EC50,57,unimol,xgboost,2,0.3697191697191698,0.3697191697191698,0.3996743996743997,0.029955229955229923
CHEMBL218_EC50,57,unimol,mlp,2,0.3687201687201688,0.3559511991031691,0.3687201687201688,0.012768969616999692
CHEMBL218_EC50,58,morgan,xgboost,3,-0.000993675031491032,-0.000993675031491032,0.005582413728492832,0.006576088759983864
CHEMBL218_EC50,58,morgan,mlp,3,-0.016346892740103133,-0.018021282741037606,-0.016346892740103133,0.0016743900009344725
CHEMBL218_EC50,58,molformer,xgboost,3,0.05342774990999142,0.05342774990999142,0.18989697174506687,0.13646922183507545
CHEMBL218_EC50,58,molformer,mlp,3,0.05281759521327873,0.05281759521327873,0.0908015286240414,0.037983933410762664
CHEMBL218_EC50,58,unimol,xgboost,3,0.03517985848683566,0.03517985848683566,0.06945284530958418,0.034272986822748513
CHEMBL218_EC50,58,unimol,mlp,3,0.1142007244927882,0.1142007244927882,0.1265801306840195,0.01237940619123129
CHEMBL218_EC50,61,morgan,xgboost,2,0.09468438538205978,0.04780539228213645,0.09468438538205978,0.046878993099923334
CHEMBL218_EC50,61,morgan,mlp,2,0.010913998295954077,0.010913998295954077,0.02819876103198532,0.017284762736031245
CHEMBL218_EC50,61,molformer,xgboost,2,0.017518730212045613,0.017518730212045613,0.03198906841177703,0.014470338199731418
CHEMBL218_EC50,61,molformer,mlp,2,0.013709038054968276,0.00035794862894828676,0.013709038054968276,0.01335108942601999
CHEMBL218_EC50,61,unimol,xgboost,2,0.08606150210454531,0.018930620546946643,0.08606150210454531,0.06713088155759867
CHEMBL218_EC50,61,unimol,mlp,2,0.05066339792990205,0.036443933973003745,0.05066339792990205,0.014219463956898305
CHEMBL219_Ki,17,morgan,xgboost,2,0.0021929824561403837,0.0021929824561403837,0.06218671679197986,0.059993734335839474
CHEMBL219_Ki,17,morgan,mlp,2,0.0021929824561403837,0.0021929824561403837,0.10635964912280697,0.10416666666666659
CHEMBL219_Ki,17,molformer,xgboost,2,0.07581453634085211,0.07581453634085211,0.10635964912280697,0.03054511278195486
CHEMBL219_Ki,17,molformer,mlp,2,0.10526315789473682,0.10526315789473682,0.13580827067669168,0.03054511278195486
CHEMBL219_Ki,17,unimol,xgboost,2,0.031641604010025005,0.031641604010025005,0.06218671679197986,0.030545112781954854
CHEMBL219_Ki,17,unimol,mlp,2,0.016917293233082692,0.016917293233082692,0.13580827067669168,0.11889097744360899
CHEMBL219_Ki,76,morgan,xgboost,2,0.2789473684210526,0.2789473684210526,0.3279904306220096,0.049043062200957
CHEMBL219_Ki,76,morgan,mlp,2,0.2631578947368421,0.2631578947368421,0.31798245614035087,0.054824561403508776
CHEMBL219_Ki,76,molformer,xgboost,2,0.4078947368421052,0.4078947368421052,0.49999999999999994,0.09210526315789475
CHEMBL219_Ki,76,molformer,mlp,2,0.10855263157894735,0.10855263157894735,0.20065789473684212,0.09210526315789477
CHEMBL219_Ki,76,unimol,xgboost,2,0.27392344497607657,0.27392344497607657,0.3166866028708134,0.042763157894736836
CHEMBL219_Ki,76,unimol,mlp,2,0.13157894736842105,0.13157894736842105,0.26644736842105265,0.1348684210526316
CHEMBL228_Ki,0,morgan,xgboost,2,-0.08404331835505921,-0.0962445673984135,-0.08404331835505921,0.01220124904335429
CHEMBL228_Ki,0,morgan,mlp,2,-0.00492761207046922,-0.013022691594120147,-0.00492761207046922,0.008095079523650926
CHEMBL228_Ki,0,molformer,xgboost,2,-0.08006279434850856,-0.09037845907593804,-0.08006279434850856,0.01031566472742948
CHEMBL228_Ki,0,molformer,mlp,2,-0.04079452293738004,-0.053068798369550176,-0.04079452293738004,0.012274275432170134
CHEMBL228_Ki,0,unimol,xgboost,2,0.00030525030525030417,-0.006759113901971045,0.00030525030525030417,0.0070643642072213495
CHEMBL228_Ki,0,unimol,mlp,2,0.042386185243328094,0.042386185243328094,0.06357927786499214,0.021193092621664043
CHEMBL228_Ki,49,morgan,xgboost,2,0.01759530791788856,0.01759530791788856,0.01985370950888192,0.0022584015909933586
CHEMBL228_Ki,49,morgan,mlp,2,0.0211038961038961,0.011562998405103667,0.0211038961038961,0.009540897698792433
CHEMBL228_Ki,49,molformer,xgboost,2,0.0033057851239669416,0.0033057851239669416,0.008456659619450317,0.005150874495483376
CHEMBL228_Ki,49,molformer,mlp,2,0.15404040404040406,0.08636363636363636,0.15404040404040406,0.0676767676767677
CHEMBL228_Ki,49,unimol,xgboost,2,0.013047138047138047,0.0074074074074074086,0.013047138047138047,0.005639730639730638
CHEMBL228_Ki,49,unimol,mlp,2,0.15404040404040406,0.00691699604743083,0.15404040404040406,0.14712340799297324
CHEMBL231_Ki,21,morgan,xgboost,4,0.1674865424430642,0.13765266892170616,0.1674865424430642,0.02983387352135805
CHEMBL231_Ki,21,morgan,mlp,4,0.25485793899587,0.21161546499477538,0.25485793899587,0.04324247400109463
CHEMBL231_Ki,21,molformer,xgboost,4,0.158025974025974,0.11611027568922302,0.158025974025974,0.04191569833675096
CHEMBL231_Ki,21,molformer,mlp,4,0.1072882205513784,0.06809022556390971,0.1072882205513784,0.03919799498746869
CHEMBL231_Ki,21,unimol,xgboost,4,0.23614132104454683,0.20231274961597534,0.23614132104454683,0.033828571428571486
CHEMBL231_Ki,21,unimol,mlp,4,0.3121269841269841,0.266478431372549,0.3121269841269841,0.04564855275443508
CHEMBL233_Ki,13,morgan,xgboost,21,0.023214285714285732,-0.019999999999999993,0.16357142857142862,0.1835714285714286
CHEMBL233_Ki,13,morgan,mlp,21,0.023214285714285732,-0.02658163265306124,0.14933673469387757,0.1759183673469388
CHEMBL233_Ki,13,molformer,xgboost,21,0.07142857142857142,-0.03954081632653061,0.14285714285714285,0.18239795918367346
CHEMBL233_Ki,13,molformer,mlp,21,0.07142857142857142,-0.03325892857142856,0.07142857142857142,0.10468749999999999
CHEMBL233_Ki,13,unimol,xgboost,21,-0.01992481203007519,-0.06301743369412544,0.0,0.06301743369412544
CHEMBL233_Ki,13,unimol,mlp,21,-0.020178571428571445,-0.05101345083487941,0.0,0.05101345083487941
CHEMBL233_Ki,53,morgan,xgboost,2,0.3567608861726509,0.2445397739515387,0.3567608861726509,0.1122211122211122
CHEMBL233_Ki,53,morgan,mlp,2,0.15640273704789837,0.10584066471163245,0.15640273704789837,0.05056207233626592
CHEMBL233_Ki,53,molformer,xgboost,2,0.24621212121212124,0.1340909090909091,0.24621212121212124,0.11212121212121215
CHEMBL233_Ki,53,molformer,mlp,2,0.16418732782369144,0.07258953168044079,0.16418732782369144,0.09159779614325066
CHEMBL233_Ki,53,unimol,xgboost,2,0.3663439590712318,0.3508067689885872,0.3663439590712318,0.015537190082644592
CHEMBL233_Ki,53,unimol,mlp,2,0.24876395534290274,0.19724880382775123,0.24876395534290274,0.051515151515151514
CHEMBL233_Ki,65,morgan,xgboost,2,0.022189754689754686,0.010584816418149757,0.022189754689754686,0.01160493827160493
CHEMBL233_Ki,65,morgan,mlp,2,0.06713425463425463,0.02453510541745836,0.06713425463425463,0.042599149216796264
CHEMBL233_Ki,65,molformer,xgboost,2,-0.002412733725303252,-0.002412733725303252,-0.0015032558043310787,0.0009094779209721734
CHEMBL233_Ki,65,molformer,mlp,2,-0.0015151019453185266,-0.0022329660704407156,-0.0015151019453185266,0.000717864125122189
CHEMBL233_Ki,65,unimol,xgboost,2,0.02864167995746943,0.02864167995746943,0.031114323055112525,0.002472643097643095
CHEMBL233_Ki,65,unimol,mlp,2,0.0455597643097643,0.03651695526695527,0.0455597643097643,0.009042809042809033
CHEMBL233_Ki,122,morgan,xgboost,2,0.09676001082251082,0.09676001082251082,0.13421994671994672,0.0374599358974359
CHEMBL233_Ki,122,morgan,mlp,2,0.027662180814354724,0.027662180814354724,0.029062049062049056,0.0013998682476943324
CHEMBL233_Ki,122,molformer,xgboost,2,0.03582785087719298,0.03582785087719298,0.04215225563909773,0.006324404761904753
CHEMBL233_Ki,122,molformer,mlp,2,0.10783730158730158,0.10783730158730158,0.18541666666666665,0.07757936507936507
CHEMBL233_Ki,122,unimol,xgboost,2,0.054427083333333334,0.054427083333333334,0.15295138888888887,0.09852430555555554
CHEMBL233_Ki,122,unimol,mlp,2,0.037578914141414135,0.037578914141414135,0.08480113636363637,0.047222222222222235
CHEMBL236_Ki,48,morgan,xgboost,2,-0.02281506001200329,-0.02281506001200329,-0.018947735920504166,0.0038673240914991226
CHEMBL236_Ki,48,morgan,mlp,2,-0.007215289482461554,-0.007215289482461554,-0.0022962127651095423,0.004919076717352012
CHEMBL236_Ki,48,molformer,xgboost,2,0.0003210566701325212,-0.007575123482145199,0.0003210566701325212,0.00789618015227772
CHEMBL236_Ki,48,molformer,mlp,2,0.001396523631689255,-0.000822851923410823,0.001396523631689255,0.002219375555100078
CHEMBL236_Ki,48,unimol,xgboost,2,0.012639735523523182,0.012639735523523182,0.013399795645132799,0.0007600601216096164
CHEMBL236_Ki,48,unimol,mlp,2,0.05410621966925823,0.03813414479956077,0.05410621966925823,0.015972074869697463
CHEMBL236_Ki,85,morgan,xgboost,2,0.019354838709677424,0.007130730050933787,0.019354838709677424,0.012224108658743637
CHEMBL236_Ki,85,morgan,mlp,2,0.016897081413210443,0.014759901155413075,0.016897081413210443,0.0021371802577973675
CHEMBL236_Ki,85,molformer,xgboost,2,0.013620071684587816,0.01053212020953957,0.013620071684587816,0.0030879514750482458
CHEMBL236_Ki,85,molformer,mlp,2,0.019354838709677424,0.004651162790697671,0.019354838709677424,0.014703675918979753
CHEMBL236_Ki,85,unimol,xgboost,2,0.15542521994134897,0.09406722309948116,0.15542521994134897,0.06135799684186781
CHEMBL236_Ki,85,unimol,mlp,2,0.012622720897615706,0.0009250693802035109,0.012622720897615706,0.011697651517412195
CHEMBL236_Ki,107,morgan,xgboost,2,0.0,0.0,0.0,0.0
CHEMBL236_Ki,107,morgan,mlp,2,0.0,0.0,0.0,0.0
CHEMBL236_Ki,107,molformer,xgboost,2,0.0,0.0,0.0,0.0
CHEMBL236_Ki,107,molformer,mlp,2,0.0,0.0,0.0,0.0
CHEMBL236_Ki,107,unimol,xgboost,2,0.0,0.0,0.0,0.0
CHEMBL236_Ki,107,unimol,mlp,2,0.0,0.0,0.0,0.0
CHEMBL236_Ki,149,morgan,xgboost,2,0.10158730158730157,0.10158730158730157,0.10345887445887444,0.0018715728715728713
CHEMBL236_Ki,149,morgan,mlp,2,0.07261904761904761,0.04597883597883597,0.07261904761904761,0.026640211640211638
CHEMBL236_Ki,149,molformer,xgboost,2,0.012454212454212453,0.012454212454212453,0.18888888888888886,0.1764346764346764
CHEMBL236_Ki,149,molformer,mlp,2,0.0022675736961451243,0.0022675736961451243,0.13381737310308736,0.13154979940694222
CHEMBL236_Ki,149,unimol,xgboost,2,0.10158730158730157,0.10158730158730157,0.17343915343915342,0.07185185185185185
CHEMBL236_Ki,149,unimol,mlp,2,0.05523809523809523,0.05523809523809523,0.33373015873015865,0.2784920634920634
CHEMBL237_EC50,23,morgan,xgboost,2,0.10068426197458455,0.10068426197458455,0.10068426197458455,0.0
CHEMBL237_EC50,23,morgan,mlp,2,0.05376344086021505,0.05376344086021505,0.05376344086021505,0.0
CHEMBL237_EC50,23,molformer,xgboost,2,0.09580402619451854,0.09580402619451854,0.09580402619451854,0.0
CHEMBL237_EC50,23,molformer,mlp,2,0.09308755760368663,0.09308755760368663,0.09308755760368663,0.0
CHEMBL237_EC50,23,unimol,xgboost,2,0.02372418501450759,0.02372418501450759,0.02372418501450759,0.0
CHEMBL237_EC50,23,unimol,mlp,2,0.02398220244716352,0.02398220244716352,0.02398220244716352,0.0
CHEMBL237_EC50,54,morgan,xgboost,2,0.05165235466959607,0.05165235466959607,0.09778465468120642,0.04613230001161035
CHEMBL237_EC50,54,morgan,mlp,2,0.3506198000536769,0.3506198000536769,0.5187692901234568,0.16814949006977997
CHEMBL237_EC50,54,molformer,xgboost,2,0.44642957351290685,0.44642957351290685,0.6515467171717172,0.20511714365881034
CHEMBL237_EC50,54,molformer,mlp,2,0.17107451145441338,0.17107451145441338,0.19378390385334826,0.02270939239893488
CHEMBL237_EC50,54,unimol,xgboost,2,0.2401199494949495,0.2401199494949495,0.2467171717171717,0.006597222222222199
CHEMBL237_EC50,54,unimol,mlp,2,0.4261083052749719,0.4261083052749719,0.6246913580246914,0.19858305274971955
CHEMBL237_Ki,161,morgan,xgboost,9,0.24454738486601238,0.147856125266256,0.24454738486601238,0.09669125959975639
CHEMBL237_Ki,161,morgan,mlp,9,0.46622150997150996,0.45951155326155324,0.507226800976801,0.04771524771524771
CHEMBL237_Ki,161,molformer,xgboost,9,0.09801321230918932,0.07368330743330742,0.1267115600448934,0.053028252611585974
CHEMBL237_Ki,161,molformer,mlp,9,0.09052555025281381,0.08472682223186356,0.11660294408538342,0.03187612185351986
CHEMBL237_Ki,161,unimol,xgboost,9,0.05408725611576491,0.040803211299534854,0.05729964032660112,0.016496429027066266
CHEMBL237_Ki,161,unimol,mlp,9,0.39452640140140144,0.3659479916424361,0.39452640140140144,0.028578409758965362
CHEMBL238_Ki,52,morgan,xgboost,3,0.10298534798534799,0.09904761904761902,0.10810439560439561,0.009056776556776586
CHEMBL238_Ki,52,morgan,mlp,3,0.09620370370370371,0.08767195767195765,0.10132275132275131,0.013650793650793663
CHEMBL238_Ki,52,molformer,xgboost,3,0.15876984126984126,0.11952380952380952,0.15876984126984126,0.03924603174603174
CHEMBL238_Ki,52,molformer,mlp,3,0.16303571428571426,0.10629960317460316,0.16303571428571426,0.0567361111111111
CHEMBL238_Ki,52,unimol,xgboost,3,0.25890151515151516,0.11954966329966328,0.281523569023569,0.16197390572390574
CHEMBL238_Ki,52,unimol,mlp,3,0.11663614163614161,0.08677503052503052,0.12713675213675213,0.04036172161172161
CHEMBL239_EC50,35,morgan,xgboost,2,-0.002022729984488721,-0.006313670995673565,-0.002022729984488721,0.004290941011184844
CHEMBL239_EC50,35,morgan,mlp,2,-0.002099436324973834,-0.002099436324973834,0.001695946516184514,0.0037953828411583478
CHEMBL239_EC50,35,molformer,xgboost,2,-0.0030441336054147132,-0.0030441336054147132,-0.0005125686130942723,0.002531564992320441
CHEMBL239_EC50,35,molformer,mlp,2,0.00039793965625167305,0.00039793965625167305,0.000879619050727951,0.00048167939447627797
CHEMBL239_EC50,35,unimol,xgboost,2,0.023348787557145964,0.023348787557145964,0.2595238095238095,0.2361750219666635
CHEMBL239_EC50,35,unimol,mlp,2,0.011668281364995278,0.011668281364995278,0.021115256635909053,0.009446975270913776
CHEMBL239_EC50,115,morgan,xgboost,2,0.03052873563218391,0.012597701149425284,0.03052873563218391,0.017931034482758627
CHEMBL239_EC50,115,morgan,mlp,2,0.033004926108374376,0.03069124423963133,0.033004926108374376,0.0023136818687430442
CHEMBL239_EC50,115,molformer,xgboost,2,1.0,0.8266666666666665,1.0,0.17333333333333345
CHEMBL239_EC50,115,molformer,mlp,2,0.5377777777777778,0.5216000000000001,0.5377777777777778,0.016177777777777735
CHEMBL239_EC50,115,unimol,xgboost,2,0.545,0.532,0.545,0.013000000000000012
CHEMBL239_EC50,115,unimol,mlp,2,0.06977777777777777,0.06673684210526315,0.06977777777777777,0.003040935672514622
CHEMBL244_Ki,2,morgan,xgboost,2,0.01765425468432985,0.0012422310354641077,0.01765425468432985,0.016412023648865744
CHEMBL244_Ki,2,morgan,mlp,2,0.07819912943189718,0.07600417675740487,0.07819912943189718,0.0021949526744923092
CHEMBL244_Ki,2,molformer,xgboost,2,0.003523718823492571,0.003523718823492571,0.02321348575590657,0.019689766932413998
CHEMBL244_Ki,2,molformer,mlp,2,-0.014876936040618911,-0.014876936040618911,0.06631186423991647,0.08118880028053538
CHEMBL244_Ki,2,unimol,xgboost,2,0.007949218171404879,0.007949218171404879,0.03412428241638353,0.026175064244978653
CHEMBL244_Ki,2,unimol,mlp,2,-0.0010734204132931636,-0.0010734204132931636,0.035722359363663705,0.03679577977695687
CHEMBL244_Ki,87,morgan,xgboost,2,-0.00445743514797223,-0.011668290504607612,-0.00445743514797223,0.007210855356635382
CHEMBL244_Ki,87,morgan,mlp,2,-0.030710835058661155,-0.04356853965044055,-0.030710835058661155,0.012857704591779397
CHEMBL244_Ki,87,molformer,xgboost,2,0.29391304347826086,0.2659420289855073,0.29391304347826086,0.027971014492753576
CHEMBL244_Ki,87,molformer,mlp,2,0.12402745995423342,0.06798881261123824,0.12402745995423342,0.056038647342995185
CHEMBL244_Ki,87,unimol,xgboost,2,0.5123051681706317,0.32951645246559114,0.5123051681706317,0.18278871570504052
CHEMBL244_Ki,87,unimol,mlp,2,0.3695652173913044,0.24125557413600895,0.3695652173913044,0.12830964325529542
CHEMBL244_Ki,114,morgan,xgboost,2,0.1826086956521739,0.0,0.1826086956521739,0.1826086956521739
CHEMBL244_Ki,114,morgan,mlp,2,0.09178743961352656,0.0,0.09178743961352656,0.09178743961352656
CHEMBL244_Ki,114,molformer,xgboost,2,0.23369565217391305,0.0,0.23369565217391305,0.23369565217391305
CHEMBL244_Ki,114,molformer,mlp,2,0.48913043478260876,0.0,0.48913043478260876,0.48913043478260876
CHEMBL244_Ki,114,unimol,xgboost,2,0.14855072463768115,0.0,0.14855072463768115,0.14855072463768115
CHEMBL244_Ki,114,unimol,mlp,2,1.0,0.0,1.0,1.0
CHEMBL244_Ki,121,morgan,xgboost,6,0.007612615304922994,0.007612615304922994,0.007612615304922994,0.0
CHEMBL244_Ki,121,morgan,mlp,6,0.005256815618988662,0.005256815618988662,0.005256815618988662,0.0
CHEMBL244_Ki,121,molformer,xgboost,6,0.003375577430279194,0.003375577430279194,0.003375577430279194,0.0
CHEMBL244_Ki,121,molformer,mlp,6,0.027727345118649466,0.027727345118649466,0.027727345118649466,0.0
CHEMBL244_Ki,121,unimol,xgboost,6,0.007943180074327611,0.007943180074327611,0.007943180074327611,0.0
CHEMBL244_Ki,121,unimol,mlp,6,0.016983705694359447,0.016983705694359447,0.016983705694359447,0.0
CHEMBL244_Ki,168,morgan,xgboost,2,0.001681771811714429,-0.0015608482634272807,0.001681771811714429,0.0032426200751417096
CHEMBL244_Ki,168,morgan,mlp,2,-0.009925287371323033,-0.013732263903088416,-0.009925287371323033,0.0038069765317653836
CHEMBL244_Ki,168,molformer,xgboost,2,0.05767090616550488,0.05609808452347908,0.05767090616550488,0.0015728216420258026
CHEMBL244_Ki,168,molformer,mlp,2,0.3593159188809214,0.33679159052212687,0.3593159188809214,0.022524328358794532
CHEMBL244_Ki,168,unimol,xgboost,2,0.051173299213368884,0.051173299213368884,0.05165367429022889,0.0004803750768600096
CHEMBL244_Ki,168,unimol,mlp,2,0.134965408577224,0.134965408577224,0.1453224608809041,0.010357052303680087
CHEMBL244_Ki,172,morgan,xgboost,2,0.0178359096313912,0.010251630941286114,0.0178359096313912,0.007584278690105086
CHEMBL244_Ki,172,morgan,mlp,2,0.025143678160919537,0.025143678160919537,0.026986506746626684,0.0018428285857071472
CHEMBL244_Ki,172,molformer,xgboost,2,0.013584117032392895,0.0019518542615484702,0.013584117032392895,0.011632262770844426
CHEMBL244_Ki,172,molformer,mlp,2,0.036297640653357534,0.036297640653357534,0.49137931034482757,0.45508166969147
CHEMBL244_Ki,172,unimol,xgboost,2,0.0048725637181409286,0.0048725637181409286,0.025143678160919537,0.02027111444277861
CHEMBL244_Ki,172,unimol,mlp,2,0.0019518542615484702,0.0019518542615484702,0.00952813067150635,0.00757627640995788
CHEMBL244_Ki,202,morgan,xgboost,2,0.04049953314659196,0.04049953314659196,0.04049953314659196,0.0
CHEMBL244_Ki,202,morgan,mlp,2,0.014087301587301594,0.014087301587301594,0.014087301587301594,0.0
CHEMBL244_Ki,202,molformer,xgboost,2,0.03988868274582559,0.03988868274582559,0.03988868274582559,0.0
CHEMBL244_Ki,202,molformer,mlp,2,0.044306418219461685,0.044306418219461685,0.044306418219461685,0.0
CHEMBL244_Ki,202,unimol,xgboost,2,0.057574491785018084,0.057574491785018084,0.057574491785018084,0.0
CHEMBL244_Ki,202,unimol,mlp,2,0.029227716727716728,0.029227716727716728,0.029227716727716728,0.0
CHEMBL264_Ki,21,morgan,xgboost,4,0.0007541903644187572,0.0007541903644187572,0.009738419177194675,0.008984228812775918
CHEMBL264_Ki,21,morgan,mlp,4,0.02269854969714717,0.008222956592521806,0.0625112214973966,0.054288264904874796
CHEMBL264_Ki,21,molformer,xgboost,4,0.026343085106382978,0.026343085106382978,0.3449765512265512,0.3186334661201682
CHEMBL264_Ki,21,molformer,mlp,4,-0.011061886061886066,-0.011061886061886066,-0.0058493752110773435,0.005212510850808722
CHEMBL264_Ki,21,unimol,xgboost,4,0.023564835290841475,-0.009361279972982106,0.026003658042164222,0.03536493801514633
CHEMBL264_Ki,21,unimol,mlp,4,0.015670381627828415,-0.001408597088234005,0.020268620268620266,0.02167721735685427
CHEMBL264_Ki,36,morgan,xgboost,2,-0.06639553429027112,-0.06639553429027112,-0.06639553429027112,0.0
CHEMBL264_Ki,36,morgan,mlp,2,-0.01208133971291872,-0.01208133971291872,-0.01208133971291872,0.0
CHEMBL264_Ki,36,molformer,xgboost,2,-0.06059941520467835,-0.06059941520467835,-0.06059941520467835,0.0
CHEMBL264_Ki,36,molformer,mlp,2,-0.06827844464963581,-0.06827844464963581,-0.06827844464963581,0.0
CHEMBL264_Ki,36,unimol,xgboost,2,-0.06245560764258824,-0.06245560764258824,-0.06245560764258824,0.0
CHEMBL264_Ki,36,unimol,mlp,2,-0.004210526315789481,-0.004210526315789481,-0.004210526315789481,0.0
CHEMBL264_Ki,49,morgan,xgboost,2,0.016117191992426824,-0.00615109032049832,0.016117191992426824,0.022268282312925144
CHEMBL264_Ki,49,morgan,mlp,2,0.013853458049886587,3.543083900217625e-05,0.013853458049886587,0.01381802721088441
CHEMBL264_Ki,49,molformer,xgboost,2,0.012607258812615964,-0.001210768398268447,0.012607258812615964,0.01381802721088441
CHEMBL264_Ki,49,molformer,mlp,2,0.01553212825534252,-0.01783244863602016,0.01553212825534252,0.033364576891362685
CHEMBL264_Ki,49,unimol,xgboost,2,0.26798705593348454,0.16486756739732916,0.26798705593348454,0.10311948853615538
CHEMBL264_Ki,49,unimol,mlp,2,0.27995048106655235,0.1321246709639565,0.27995048106655235,0.14782581010259585
CHEMBL264_Ki,59,morgan,xgboost,4,0.03364158163265306,0.004006656426011269,0.03364158163265306,0.02963492520664179
CHEMBL264_Ki,59,morgan,mlp,4,0.014557226399331664,0.0007973812321638414,0.014557226399331664,0.013759845167167823
CHEMBL264_Ki,59,molformer,xgboost,4,0.009398496240601502,0.009398496240601502,0.04168284161490683,0.03228434537430533
CHEMBL264_Ki,59,molformer,mlp,4,0.03579931972789116,0.008246422507882607,0.03579931972789116,0.027552897220008553
CHEMBL264_Ki,59,unimol,xgboost,4,0.02353896103896104,0.02353896103896104,0.039498299319727884,0.015959338280766844
CHEMBL264_Ki,59,unimol,mlp,4,0.05059523809523809,0.015831679894179895,0.05059523809523809,0.0347635582010582
CHEMBL264_Ki,115,morgan,xgboost,2,0.018170553935860086,0.018170553935860086,0.018170553935860086,0.0
CHEMBL264_Ki,115,morgan,mlp,2,0.11947073374704954,0.11947073374704954,0.11947073374704954,0.0
CHEMBL264_Ki,115,molformer,xgboost,2,-0.015340440012098945,-0.015340440012098945,-0.015340440012098945,0.0
CHEMBL264_Ki,115,molformer,mlp,2,0.06150774102744545,0.06150774102744545,0.06150774102744545,0.0
CHEMBL264_Ki,115,unimol,xgboost,2,0.6408203597644593,0.6408203597644593,0.6408203597644593,0.0
CHEMBL264_Ki,115,unimol,mlp,2,0.5899210164835167,0.5899210164835167,0.5899210164835167,0.0
CHEMBL264_Ki,158,morgan,xgboost,2,-0.08227360680446567,-0.08227360680446567,-0.08227360680446567,0.0
CHEMBL264_Ki,158,morgan,mlp,2,0.5916036340540445,0.5916036340540445,0.5916036340540445,0.0
CHEMBL264_Ki,158,molformer,xgboost,2,-0.05373687232261513,-0.05373687232261513,-0.05373687232261513,0.0
CHEMBL264_Ki,158,molformer,mlp,2,-0.042091601390246446,-0.042091601390246446,-0.042091601390246446,0.0
CHEMBL264_Ki,158,unimol,xgboost,2,0.01794741844198993,0.01794741844198993,0.01794741844198993,0.0
CHEMBL264_Ki,158,unimol,mlp,2,-0.07001418860729451,-0.07001418860729451,-0.07001418860729451,0.0
CHEMBL264_Ki,163,morgan,xgboost,2,0.1193226600985222,0.1193226600985222,0.16972808441558437,0.05040542431706217
CHEMBL264_Ki,163,morgan,mlp,2,0.10232528953940977,0.10232528953940977,0.1307986096975125,0.028473320158102736
CHEMBL264_Ki,163,molformer,xgboost,2,0.1482255667038275,0.1482255667038275,0.17601474612344173,0.02778917941961423
CHEMBL264_Ki,163,molformer,mlp,2,0.0997954329397161,0.0997954329397161,0.13814602794865946,0.03835059500894336
CHEMBL264_Ki,163,unimol,xgboost,2,0.131579509671615,0.131579509671615,0.13496605733447836,0.003386547662863365
CHEMBL264_Ki,163,unimol,mlp,2,0.14048384779096498,0.14048384779096498,0.1738077114273286,0.03332386363636361
CHEMBL264_Ki,176,morgan,xgboost,2,0.49999999999999994,0.49999999999999994,0.49999999999999994,0.0
CHEMBL264_Ki,176,morgan,mlp,2,0.10416666666666666,0.10416666666666666,0.10416666666666666,0.0
CHEMBL264_Ki,176,molformer,xgboost,2,0.10416666666666666,0.10416666666666666,0.10416666666666666,0.0
CHEMBL264_Ki,176,molformer,mlp,2,0.060185185185185175,0.060185185185185175,0.060185185185185175,0.0
CHEMBL264_Ki,176,unimol,xgboost,2,0.07777777777777778,0.07777777777777778,0.07777777777777778,0.0
CHEMBL264_Ki,176,unimol,mlp,2,0.060185185185185175,0.060185185185185175,0.060185185185185175,0.0
CHEMBL264_Ki,183,morgan,xgboost,2,0.22826388888888885,0.22826388888888885,0.22826388888888885,0.0
CHEMBL264_Ki,183,morgan,mlp,2,0.033736171236171245,0.033736171236171245,0.033736171236171245,0.0
CHEMBL264_Ki,183,molformer,xgboost,2,0.009036918963389557,0.009036918963389557,0.009036918963389557,0.0
CHEMBL264_Ki,183,molformer,mlp,2,0.0010413660413660486,0.0010413660413660486,0.0010413660413660486,0.0
CHEMBL264_Ki,183,unimol,xgboost,2,-0.015317343946376204,-0.015317343946376204,-0.015317343946376204,0.0
CHEMBL264_Ki,183,unimol,mlp,2,-0.013715909090909091,-0.013715909090909091,-0.013715909090909091,0.0
CHEMBL2835_Ki,8,morgan,xgboost,4,0.17411764705882352,0.17411764705882352,0.17411764705882352,0.0
CHEMBL2835_Ki,8,morgan,mlp,4,0.64,0.64,0.64,0.0
CHEMBL2835_Ki,8,molformer,xgboost,4,0.27999999999999997,0.27999999999999997,0.27999999999999997,0.0
CHEMBL2835_Ki,8,molformer,mlp,4,0.27999999999999997,0.27999999999999997,0.27999999999999997,0.0
CHEMBL2835_Ki,8,unimol,xgboost,4,0.64,0.64,0.64,0.0
CHEMBL2835_Ki,8,unimol,mlp,4,0.08,0.08,0.08,0.0
CHEMBL287_Ki,22,morgan,xgboost,2,0.37235841081994925,0.1054945054945055,0.37235841081994925,0.26686390532544374
CHEMBL287_Ki,22,morgan,mlp,2,0.37235841081994925,0.12448979591836734,0.37235841081994925,0.2478686149015819
CHEMBL287_Ki,22,molformer,xgboost,2,0.323541842772612,0.1054945054945055,0.323541842772612,0.2180473372781065
CHEMBL287_Ki,22,molformer,mlp,2,0.37235841081994925,0.1054945054945055,0.37235841081994925,0.26686390532544374
CHEMBL287_Ki,22,unimol,xgboost,2,0.2611263736263736,0.2611263736263736,1.0,0.7388736263736264
CHEMBL287_Ki,22,unimol,mlp,2,0.9773351648351648,0.1054945054945055,0.9773351648351648,0.8718406593406594
CHEMBL287_Ki,84,morgan,xgboost,2,0.014727870813397128,0.01097623966942149,0.014727870813397128,0.0037516311439756388
CHEMBL287_Ki,84,morgan,mlp,2,0.053610703812316716,0.005694037145650045,0.053610703812316716,0.04791666666666667
CHEMBL287_Ki,84,molformer,xgboost,2,0.061580086580086575,0.061580086580086575,0.06445221445221445,0.002872127872127879
CHEMBL287_Ki,84,molformer,mlp,2,0.06943056943056942,0.05722402597402597,0.06943056943056942,0.012206543456543456
CHEMBL287_Ki,84,unimol,xgboost,2,0.5005050505050506,0.2391414141414141,0.5005050505050506,0.26136363636363646
CHEMBL287_Ki,84,unimol,mlp,2,0.02092352092352092,0.02092352092352092,0.06655844155844155,0.04563492063492063
CHEMBL287_Ki,89,morgan,xgboost,2,0.07293233082706768,0.07293233082706768,0.07293233082706768,0.0
CHEMBL287_Ki,89,morgan,mlp,2,0.16972663699936424,0.16972663699936424,0.16972663699936424,0.0
CHEMBL287_Ki,89,molformer,xgboost,2,0.07740504010096488,0.07740504010096488,0.07740504010096488,0.0
CHEMBL287_Ki,89,molformer,mlp,2,0.07532467532467532,0.07532467532467532,0.07532467532467532,0.0
CHEMBL287_Ki,89,unimol,xgboost,2,0.1037738731856379,0.1037738731856379,0.1037738731856379,0.0
CHEMBL287_Ki,89,unimol,mlp,2,0.0916883116883117,0.0916883116883117,0.0916883116883117,0.0
CHEMBL287_Ki,93,morgan,xgboost,2,0.07131834215167547,0.07131834215167547,0.07131834215167547,0.0
CHEMBL287_Ki,93,morgan,mlp,2,0.10714285714285714,0.10714285714285714,0.10714285714285714,0.0
CHEMBL287_Ki,93,molformer,xgboost,2,0.06529017857142856,0.06529017857142856,0.06529017857142856,0.0
CHEMBL287_Ki,93,molformer,mlp,2,0.078027950310559,0.078027950310559,0.078027950310559,0.0
CHEMBL287_Ki,93,unimol,xgboost,2,0.06529017857142856,0.06529017857142856,0.06529017857142856,0.0
CHEMBL287_Ki,93,unimol,mlp,2,0.10714285714285714,0.10714285714285714,0.10714285714285714,0.0
CHEMBL2971_Ki,11,morgan,xgboost,2,0.08581349206349206,0.08581349206349206,0.08581349206349206,0.0
CHEMBL2971_Ki,11,morgan,mlp,2,0.08581349206349206,0.08581349206349206,0.08581349206349206,0.0
CHEMBL2971_Ki,11,molformer,xgboost,2,0.11360398860398858,0.11360398860398858,0.11360398860398858,0.0
CHEMBL2971_Ki,11,molformer,mlp,2,0.1078042328042328,0.1078042328042328,0.1078042328042328,0.0
CHEMBL2971_Ki,11,unimol,xgboost,2,0.11360398860398858,0.11360398860398858,0.11360398860398858,0.0
CHEMBL2971_Ki,11,unimol,mlp,2,0.09523809523809523,0.09523809523809523,0.09523809523809523,0.0
CHEMBL2971_Ki,32,morgan,xgboost,2,0.13619404166564308,0.13619404166564308,0.21826723554607497,0.08207319388043188
CHEMBL2971_Ki,32,morgan,mlp,2,0.16667006956223387,0.16667006956223387,0.2130277964773872,0.04635772691515333
CHEMBL2971_Ki,32,molformer,xgboost,2,0.1254647668449347,0.11072592108627871,0.1254647668449347,0.014738845758656
CHEMBL2971_Ki,32,molformer,mlp,2,0.038843047031614494,0.038843047031614494,0.07067580249566602,0.031832755464051524
CHEMBL2971_Ki,32,unimol,xgboost,2,0.11859843651039147,0.11859843651039147,0.15309737614984542,0.034498939639453954
CHEMBL2971_Ki,32,unimol,mlp,2,0.14557724895979496,0.14557724895979496,0.25317573755091927,0.10759848859112431
CHEMBL3979_EC50,16,morgan,xgboost,2,0.0030600400970771345,0.0030600400970771345,0.014278588352662427,0.011218548255585293
CHEMBL3979_EC50,16,morgan,mlp,2,0.0639428472761806,0.055331088664422,0.0639428472761806,0.008611758611758606
CHEMBL3979_EC50,16,molformer,xgboost,2,0.013361823361823358,0.013361823361823358,0.02127849002849003,0.007916666666666673
CHEMBL3979_EC50,16,molformer,mlp,2,0.011083052749719408,0.011083052749719408,0.012682379349046018,0.0015993265993266108
CHEMBL3979_EC50,16,unimol,xgboost,2,0.09681984681984682,0.04939022330326677,0.09681984681984682,0.04742962351658005
CHEMBL3979_EC50,16,unimol,mlp,2,0.19855967078189296,0.1889637111859334,0.19855967078189296,0.009595959595959574
CHEMBL4005_Ki,38,morgan,xgboost,2,-0.011830357142857132,-0.011830357142857132,-0.011830357142857132,0.0
CHEMBL4005_Ki,38,morgan,mlp,2,0.0015624999999999944,0.0015624999999999944,0.0015624999999999944,0.0
CHEMBL4005_Ki,38,molformer,xgboost,2,-0.010232676630434773,-0.010232676630434773,-0.010232676630434773,0.0
CHEMBL4005_Ki,38,molformer,mlp,2,-0.007102272727272726,-0.007102272727272726,-0.007102272727272726,0.0
CHEMBL4005_Ki,38,unimol,xgboost,2,-0.012682629870129865,-0.012682629870129865,-0.012682629870129865,0.0
CHEMBL4005_Ki,38,unimol,mlp,2,-0.0133883568548387,-0.0133883568548387,-0.0133883568548387,0.0
CHEMBL4005_Ki,62,morgan,xgboost,3,0.24589857170514548,0.24589857170514548,0.3136175590217866,0.06771898731664114
CHEMBL4005_Ki,62,morgan,mlp,3,0.3112861363282978,0.3050426399703374,0.4339617715829379,0.1289191316126005
CHEMBL4005_Ki,62,molformer,xgboost,3,0.43835196125293907,0.43835196125293907,0.5847294666419091,0.14637750538897
CHEMBL4005_Ki,62,molformer,mlp,3,0.44965711363386435,0.44965711363386435,0.5968982710717978,0.14724115743793348
CHEMBL4005_Ki,62,unimol,xgboost,3,0.20965546960993933,0.20156043878433832,0.23862984570914017,0.037069406924801845
CHEMBL4005_Ki,62,unimol,mlp,3,0.5001702733879475,0.5001702733879475,0.628057068379649,0.12788679499170152
CHEMBL4792_Ki,77,morgan,xgboost,2,0.041324547138500624,0.041324547138500624,0.053481590545544036,0.012157043407043412
CHEMBL4792_Ki,77,morgan,mlp,2,0.2644097222222222,0.2644097222222222,0.27255062944718117,0.008140907224958971
CHEMBL4792_Ki,77,molformer,xgboost,2,0.10539254983699427,0.09579659024103468,0.10539254983699427,0.009595959595959588
CHEMBL4792_Ki,77,molformer,mlp,2,0.3685515873015873,0.3666666666666667,0.3685515873015873,0.0018849206349206282
CHEMBL4792_Ki,77,unimol,xgboost,2,0.0714170692431562,0.0714170692431562,0.07627818035426731,0.004861111111111108
CHEMBL4792_Ki,77,unimol,mlp,2,0.2998947811447812,0.2868233618233618,0.2998947811447812,0.013071419321419364
