dataset,representation,predictor,explainer,median_delta,ci_low,ci_high,components,equivalent
CHEMBL1862_Ki,molformer,mlp,crem_lime,-0.02942888716759355,-0.11430296697922775,0.13533396786306343,8,False
CHEMBL1862_Ki,molformer,mlp,crem_mean,-0.060326304129323736,-0.13135219175976454,0.01942283580441362,8,False
CHEMBL1862_Ki,molformer,xgboost,crem_lime,0.0033552530517161902,-0.13747599834053867,0.19689823738514295,8,False
CHEMBL1862_Ki,molformer,xgboost,crem_mean,0.019020743692622268,-0.0107265703387327,0.06740267731768204,8,False
CHEMBL1862_Ki,morgan,mlp,crem_lime,-0.1465479258826465,-0.35610877879328856,-0.08826505663048016,8,False
CHEMBL1862_Ki,morgan,mlp,crem_mean,-0.0878837131948905,-0.4398400396624905,0.054137618887258265,8,False
CHEMBL1862_Ki,morgan,xgboost,crem_lime,-0.03833715031813178,-0.294061974936071,0.19416484105382964,8,False
CHEMBL1862_Ki,morgan,xgboost,crem_mean,-0.014112733462999356,-0.47145806385108496,0.1956959848358788,8,False
CHEMBL1862_Ki,unimol,mlp,crem_lime,0.01653490796523023,-0.10624094986592403,0.10833537803588061,8,False
CHEMBL1862_Ki,unimol,mlp,crem_mean,0.01979746854021342,-0.10931067140497575,0.19555910111631192,8,False
CHEMBL1862_Ki,unimol,xgboost,crem_lime,-0.0479732174642523,-0.10411503833565283,0.006126628008539969,8,False
CHEMBL1862_Ki,unimol,xgboost,crem_mean,0.11898789695584189,-0.003934108271254344,0.2024389445432654,8,False
CHEMBL1871_Ki,molformer,mlp,crem_lime,-0.04108345240596245,-0.15446079019737835,0.2643873591895777,11,False
CHEMBL1871_Ki,molformer,mlp,crem_mean,-0.007819364550320618,-0.036152810680831864,0.112685134624813,11,False
CHEMBL1871_Ki,molformer,xgboost,crem_lime,0.030792503819061595,-0.19536394815162567,0.16282454385808032,11,False
CHEMBL1871_Ki,molformer,xgboost,crem_mean,0.0007535460992907674,-0.0181731958517673,0.10234937476316788,11,False
CHEMBL1871_Ki,morgan,mlp,crem_lime,0.0031799735423443665,-0.2136551133715494,0.1382251049293004,11,False
CHEMBL1871_Ki,morgan,mlp,crem_mean,-0.005228704813192334,-0.08203925463843878,0.15605471399742238,11,False
CHEMBL1871_Ki,morgan,xgboost,crem_lime,0.1290398192532407,0.014176989025082187,0.32036685969910084,11,False
CHEMBL1871_Ki,morgan,xgboost,crem_mean,0.0354456018518519,-0.08055506230713981,0.107086017430845,11,False
CHEMBL1871_Ki,unimol,mlp,crem_lime,0.014478173664587174,-0.12010105914726066,0.11835889953458023,11,False
CHEMBL1871_Ki,unimol,mlp,crem_mean,7.728677941439867e-05,-0.09865168589126924,0.020777410329284228,11,False
CHEMBL1871_Ki,unimol,xgboost,crem_lime,0.025286934653730997,-0.10936759982952765,0.07922028670078513,11,False
CHEMBL1871_Ki,unimol,xgboost,crem_mean,-0.008668671230247449,-0.0430597771023303,0.010591258647981404,11,True
CHEMBL2034_Ki,molformer,mlp,crem_lime,-0.007175632717317578,-0.2650444486111084,0.18827528851237102,12,False
CHEMBL2034_Ki,molformer,mlp,crem_mean,0.01383294484074266,-0.07056794551542456,0.04240378682888682,12,False
CHEMBL2034_Ki,molformer,xgboost,crem_lime,-0.04115788915856766,-0.09639815022671018,0.10245832486474998,12,False
CHEMBL2034_Ki,molformer,xgboost,crem_mean,0.015934987633650637,-0.04786671216194779,0.071347005968287,12,False
CHEMBL2034_Ki,morgan,mlp,crem_lime,0.015000715571797382,-0.2171332582327867,0.08574807014707844,12,False
CHEMBL2034_Ki,morgan,mlp,crem_mean,0.03860165366487992,-0.026273432063425316,0.127886260447427,12,False
CHEMBL2034_Ki,morgan,xgboost,crem_lime,-0.06999044663647762,-0.19902632584138807,0.12297141345826865,12,False
CHEMBL2034_Ki,morgan,xgboost,crem_mean,-0.00265628795040554,-0.07458315323792636,0.037699454338708666,12,False
CHEMBL2034_Ki,unimol,mlp,crem_lime,-0.18341440919234214,-0.2778754415389163,-0.07290052793271098,12,False
CHEMBL2034_Ki,unimol,mlp,crem_mean,-0.0512947163515345,-0.09882472767037712,0.012205747711200324,12,False
CHEMBL2034_Ki,unimol,xgboost,crem_lime,-0.03295171277757958,-0.20209019008641022,0.003196069115684458,12,False
CHEMBL2034_Ki,unimol,xgboost,crem_mean,-0.03487593279385362,-0.051410371246245874,0.030713952247565672,12,False
CHEMBL2047_EC50,molformer,mlp,crem_lime,0.012618205902346108,-0.11628828553606341,0.09154287966276403,10,False
CHEMBL2047_EC50,molformer,mlp,crem_mean,-0.02731698331051107,-0.1284953212285025,0.024817082524635978,10,False
CHEMBL2047_EC50,molformer,xgboost,crem_lime,-0.017864242726976606,-0.09154506664248069,0.0666226425524086,10,False
CHEMBL2047_EC50,molformer,xgboost,crem_mean,-0.030754631028245702,-0.0734835146230512,0.018749939211583366,10,False
CHEMBL2047_EC50,morgan,mlp,crem_lime,-0.053853234812402555,-0.22033272333057594,0.2354634986730473,10,False
CHEMBL2047_EC50,morgan,mlp,crem_mean,0.009489146187484788,-0.03194857669824304,0.16303822695658632,10,False
CHEMBL2047_EC50,morgan,xgboost,crem_lime,-0.04689310504354781,-0.1111607406938323,0.01655857054240423,10,False
CHEMBL2047_EC50,morgan,xgboost,crem_mean,-0.011782792611476918,-0.10948535726364722,0.06252013292110063,10,False
CHEMBL2047_EC50,unimol,mlp,crem_lime,-0.07097981486633227,-0.14827570081330288,0.06927594988174787,10,False
CHEMBL2047_EC50,unimol,mlp,crem_mean,-0.015370627240632467,-0.05776814297275409,0.07094910738128465,10,False
CHEMBL2047_EC50,unimol,xgboost,crem_lime,0.0012384780582187262,-0.0729308571150985,0.16189618144616075,10,False
CHEMBL2047_EC50,unimol,xgboost,crem_mean,0.0006293455805769961,-0.03854144996916993,0.1232784737187741,10,False
CHEMBL204_Ki,molformer,mlp,crem_lime,0.04177737515803053,-0.0082952095802068,0.07640337927444177,47,False
CHEMBL204_Ki,molformer,mlp,crem_mean,0.025494561390288606,0.004071572202533458,0.04489128879924397,47,True
CHEMBL204_Ki,molformer,xgboost,crem_lime,-0.03289306714116269,-0.0665773002419101,0.01091531852308857,47,False
CHEMBL204_Ki,molformer,xgboost,crem_mean,-0.011969484654199065,-0.061225768387795254,0.014506162076793599,47,False
CHEMBL204_Ki,morgan,mlp,crem_lime,-0.023132132545622575,-0.1168921724745555,0.06611913349901727,47,False
CHEMBL204_Ki,morgan,mlp,crem_mean,-0.013081065403306665,-0.04736429346598777,0.01763362296875923,47,True
CHEMBL204_Ki,morgan,xgboost,crem_lime,-0.09018448111613434,-0.14108009977007718,-0.010210575094179414,47,False
CHEMBL204_Ki,morgan,xgboost,crem_mean,-0.0015676273844018335,-0.049859366434647466,0.06892702938614612,47,False
CHEMBL204_Ki,unimol,mlp,crem_lime,-0.04272927972275957,-0.07567219812095928,-0.0030075698606095275,47,False
CHEMBL204_Ki,unimol,mlp,crem_mean,-0.00831810814060967,-0.04608679028968885,0.018002705566295497,47,True
CHEMBL204_Ki,unimol,xgboost,crem_lime,-0.047221340723459,-0.13004437860425333,-0.008205699911201875,47,False
CHEMBL204_Ki,unimol,xgboost,crem_mean,-0.003576260549909299,-0.0383641197987879,0.016294182573171168,47,True
CHEMBL2147_Ki,molformer,mlp,crem_lime,0.0,-0.08940850384992843,0.0353622445661812,13,False
CHEMBL2147_Ki,molformer,mlp,crem_mean,0.0,-0.06588835341229285,0.06818562806716405,13,False
CHEMBL2147_Ki,molformer,xgboost,crem_lime,-0.07941494401441357,-0.25053995784309213,0.0,13,False
CHEMBL2147_Ki,molformer,xgboost,crem_mean,-0.08841369879693425,-0.19110839900224624,-0.015312499999999972,13,False
CHEMBL2147_Ki,morgan,mlp,crem_lime,-0.05132801913583143,-0.1799703483695188,0.0,13,False
CHEMBL2147_Ki,morgan,mlp,crem_mean,-0.04130446431714003,-0.08715011316075003,0.0015214109658921587,13,False
CHEMBL2147_Ki,morgan,xgboost,crem_lime,-0.08292649188785764,-0.369876382150525,0.13867388749579113,13,False
CHEMBL2147_Ki,morgan,xgboost,crem_mean,-0.01467879227273347,-0.09141420940201586,0.0,13,False
CHEMBL2147_Ki,unimol,mlp,crem_lime,0.0,-0.11004019690054813,0.030900545862666995,13,False
CHEMBL2147_Ki,unimol,mlp,crem_mean,0.007845713512885419,-0.15635127186453604,0.023282641019780226,13,False
CHEMBL2147_Ki,unimol,xgboost,crem_lime,0.0,-0.14818913551941365,0.16561647560837064,13,False
CHEMBL2147_Ki,unimol,xgboost,crem_mean,-0.0057885289373904025,-0.08963343448031016,0.1189490071849996,13,False
CHEMBL218_EC50,molformer,mlp,crem_lime,-0.024437985246601485,-0.06009651585552491,0.07899301932734064,20,False
CHEMBL218_EC50,molformer,mlp,crem_mean,0.03277851899666093,-0.050574341831261985,0.07140206643195642,20,False
CHEMBL218_EC50,molformer,xgboost,crem_lime,0.024103189385346765,-0.046930296379561726,0.05317948758000027,20,False
CHEMBL218_EC50,molformer,xgboost,crem_mean,0.014823983482019482,-0.048896303372250746,0.0555575633707422,20,False
CHEMBL218_EC50,morgan,mlp,crem_lime,-0.07794888182312584,-0.17589774889388757,0.06933919533605735,20,False
CHEMBL218_EC50,morgan,mlp,crem_mean,0.01374352647683813,-0.0844929290812865,0.044275456609969864,20,False
CHEMBL218_EC50,morgan,xgboost,crem_lime,-0.042318379106876206,-0.22769491997262425,0.09081955426443633,20,False
CHEMBL218_EC50,morgan,xgboost,crem_mean,-0.008762483896454822,-0.10457353279483751,0.07110282510294305,20,False
CHEMBL218_EC50,unimol,mlp,crem_lime,0.004318693050637451,-0.06914452221461359,0.05522056030849129,20,False
CHEMBL218_EC50,unimol,mlp,crem_mean,-0.0005566967587726009,-0.08905107577572713,0.06746833305228173,20,False
CHEMBL218_EC50,unimol,xgboost,crem_lime,0.006840743244135033,-0.10072585359476069,0.13498029864569205,20,False
CHEMBL218_EC50,unimol,xgboost,crem_mean,0.01062074745432011,-0.05536879436070701,0.04420389278631094,20,False
CHEMBL219_Ki,molformer,mlp,crem_lime,-0.017585884775087834,-0.06574302394202956,0.03598945322863634,34,False
CHEMBL219_Ki,molformer,mlp,crem_mean,-0.007769324807864255,-0.02283259314471872,0.0,34,True
CHEMBL219_Ki,molformer,xgboost,crem_lime,-0.032965941224787715,-0.09113653325610235,0.10027188336659167,34,False
CHEMBL219_Ki,molformer,xgboost,crem_mean,-0.00034981585226679865,-0.026234567901234622,0.0011962783865366727,34,True
CHEMBL219_Ki,morgan,mlp,crem_lime,-0.018439477197649982,-0.09473877770286825,0.0705984055827011,34,False
CHEMBL219_Ki,morgan,mlp,crem_mean,-0.029170130615675933,-0.05182530474104323,0.0003667795219041651,34,False
CHEMBL219_Ki,morgan,xgboost,crem_lime,-0.0038880782772257975,-0.12718364694131945,0.07484404758054569,34,False
CHEMBL219_Ki,morgan,xgboost,crem_mean,0.0,-0.026282380101119933,0.05198241007692226,34,False
CHEMBL219_Ki,unimol,mlp,crem_lime,-0.0008999086481606099,-0.03882801103894395,0.02999648957124037,34,True
CHEMBL219_Ki,unimol,mlp,crem_mean,-0.006753074665374607,-0.03814503579209457,0.0,34,True
CHEMBL219_Ki,unimol,xgboost,crem_lime,-0.002541339405718089,-0.05830577982088253,0.10063968912378293,34,False
CHEMBL219_Ki,unimol,xgboost,crem_mean,-0.00031565656565653386,-0.0622249809426077,0.022483577029031462,34,False
CHEMBL228_Ki,molformer,mlp,crem_lime,-0.048446278053640504,-0.14308624350013258,0.005412940461692599,31,False
CHEMBL228_Ki,molformer,mlp,crem_mean,-0.010372731843320104,-0.03645833333333337,0.0,31,True
CHEMBL228_Ki,molformer,xgboost,crem_lime,-0.04959724674699864,-0.12551692577073828,-0.012086399913837961,31,False
CHEMBL228_Ki,molformer,xgboost,crem_mean,-0.003356481481481502,-0.04918279713211485,0.023809523809523836,31,True
CHEMBL228_Ki,morgan,mlp,crem_lime,-0.009804184105790766,-0.08310836419831662,0.08395076348886168,31,False
CHEMBL228_Ki,morgan,mlp,crem_mean,-0.004233660273498141,-0.043996333949511385,0.002685185185185167,31,True
CHEMBL228_Ki,morgan,xgboost,crem_lime,-0.014489889465813333,-0.1207964276417622,0.06228430488711305,31,False
CHEMBL228_Ki,morgan,xgboost,crem_mean,0.03296628701601987,-0.018287037037037032,0.13973635244642013,31,False
CHEMBL228_Ki,unimol,mlp,crem_lime,0.0006704896521707374,-0.0629575651410143,0.10465630710144166,31,False
CHEMBL228_Ki,unimol,mlp,crem_mean,0.0020319017810097734,0.0,0.058374128757245555,31,False
CHEMBL228_Ki,unimol,xgboost,crem_lime,-0.03011797774527669,-0.0739485868227876,0.010312723255548772,31,False
CHEMBL228_Ki,unimol,xgboost,crem_mean,-0.0002846573914620093,-0.017310707961367522,0.004342887832503514,31,True
CHEMBL231_Ki,molformer,mlp,crem_lime,0.0014751052216954164,-0.18578996900608152,0.14446384850559418,15,False
CHEMBL231_Ki,molformer,mlp,crem_mean,-0.01082373487888591,-0.19791117235184608,0.08619486267883836,15,False
CHEMBL231_Ki,molformer,xgboost,crem_lime,-0.07863808111442602,-0.13229973569750642,0.17344372765941388,15,False
CHEMBL231_Ki,molformer,xgboost,crem_mean,-0.026717231624128063,-0.16059347815203903,0.04760969878491242,15,False
CHEMBL231_Ki,morgan,mlp,crem_lime,-0.12043894981659688,-0.1865450039658612,-0.040623872521899036,15,False
CHEMBL231_Ki,morgan,mlp,crem_mean,-0.11429034779441455,-0.19003025319250721,-0.02995445908603436,15,False
CHEMBL231_Ki,morgan,xgboost,crem_lime,-0.08854877990297982,-0.2986844821196679,0.12958974300350795,15,False
CHEMBL231_Ki,morgan,xgboost,crem_mean,-0.07896244106064106,-0.275815853803378,0.0876827311133145,15,False
CHEMBL231_Ki,unimol,mlp,crem_lime,-0.03937773115300733,-0.06827597282746783,0.13151389294431517,15,False
CHEMBL231_Ki,unimol,mlp,crem_mean,-0.026035659855937365,-0.1464668814554767,-0.005621379667390436,15,False
CHEMBL231_Ki,unimol,xgboost,crem_lime,0.040079485453199365,-0.10384569579730438,0.17157115403862608,15,False
CHEMBL231_Ki,unimol,xgboost,crem_mean,-0.00812862663843053,-0.1101186870608374,0.030027694049206965,15,False
CHEMBL233_Ki,molformer,mlp,crem_lime,0.051957537334006376,0.0,0.1094934212545734,46,False
CHEMBL233_Ki,molformer,mlp,crem_mean,-0.002538941214444262,-0.04913218301301561,0.029740320684487075,46,True
CHEMBL233_Ki,molformer,xgboost,crem_lime,-0.05831202732236036,-0.11577141252669836,-0.006662820791193864,46,False
CHEMBL233_Ki,molformer,xgboost,crem_mean,-0.03724733549938459,-0.07951575426176849,-0.006755189583770279,46,False
CHEMBL233_Ki,morgan,mlp,crem_lime,-0.0038938172311670845,-0.05105081018281227,0.07813275269798955,46,False
CHEMBL233_Ki,morgan,mlp,crem_mean,-0.005362230362230399,-0.02758340593195041,0.06446406586642028,46,False
CHEMBL233_Ki,morgan,xgboost,crem_lime,-0.04310745742547649,-0.10739282729393046,0.0287373254303308,46,False
CHEMBL233_Ki,morgan,xgboost,crem_mean,-0.009644266871845747,-0.03193722675942971,0.05348528015194676,46,False
CHEMBL233_Ki,unimol,mlp,crem_lime,-0.004548527193980547,-0.08068476419962142,0.03448793399500642,46,False
CHEMBL233_Ki,unimol,mlp,crem_mean,-0.004007422395103586,-0.05370095683858947,0.023567526945197932,46,False
CHEMBL233_Ki,unimol,xgboost,crem_lime,0.016219129655091577,-0.022710854017033204,0.040644426399587194,46,True
CHEMBL233_Ki,unimol,xgboost,crem_mean,-0.0038780077727311457,-0.02846795054674857,0.04081924153862681,46,True
CHEMBL236_Ki,molformer,mlp,crem_lime,-0.023981104062101924,-0.13272693308757028,0.03588662045502503,37,False
CHEMBL236_Ki,molformer,mlp,crem_mean,-0.012873078152676768,-0.04753269764811853,0.0,37,True
CHEMBL236_Ki,molformer,xgboost,crem_lime,-0.004314778812034367,-0.08518767458815564,0.022320817850028873,37,False
CHEMBL236_Ki,molformer,xgboost,crem_mean,-0.0007182681913864668,-0.05189777409519526,0.0305014520700795,37,False
CHEMBL236_Ki,morgan,mlp,crem_lime,-0.13911123052533134,-0.16389815751161302,-0.007933143325660419,37,False
CHEMBL236_Ki,morgan,mlp,crem_mean,-0.07642888467299774,-0.1009384788853313,-0.013725490196078424,37,False
CHEMBL236_Ki,morgan,xgboost,crem_lime,-0.0493788302440833,-0.16124079177400477,0.0,37,False
CHEMBL236_Ki,morgan,xgboost,crem_mean,-0.03503204895458922,-0.06529467894825894,0.0,37,False
CHEMBL236_Ki,unimol,mlp,crem_lime,-0.0595224359846257,-0.09855581730749072,0.0009827150149730596,37,False
CHEMBL236_Ki,unimol,mlp,crem_mean,-0.0003507072225021335,-0.060387200025825705,0.027353266888150533,37,False
CHEMBL236_Ki,unimol,xgboost,crem_lime,-0.020751389912378168,-0.09566801544836354,0.037173312400814874,37,False
CHEMBL236_Ki,unimol,xgboost,crem_mean,0.0,-0.010792557097867889,0.0432501385647351,37,True
CHEMBL237_EC50,molformer,mlp,crem_lime,0.023131480057576766,-0.1078544283806677,0.2723682609307079,18,False
CHEMBL237_EC50,molformer,mlp,crem_mean,-0.01805290836631724,-0.07893811793365359,0.06413147582265222,18,False
CHEMBL237_EC50,molformer,xgboost,crem_lime,0.013591154535744332,-0.10208378418990643,0.17009954087494417,18,False
CHEMBL237_EC50,molformer,xgboost,crem_mean,-0.036629279311219634,-0.09016923758606378,0.04155277685491482,18,False
CHEMBL237_EC50,morgan,mlp,crem_lime,-0.03214366756333072,-0.16630586364364242,0.09198871774021705,18,False
CHEMBL237_EC50,morgan,mlp,crem_mean,0.007460708291124857,-0.04166619101945314,0.1608545165555726,18,False
CHEMBL237_EC50,morgan,xgboost,crem_lime,-0.0878985572958157,-0.11766169683181163,0.09574094208887797,18,False
CHEMBL237_EC50,morgan,xgboost,crem_mean,-0.01689401455026453,-0.060737032059198344,0.20032682341451832,18,False
CHEMBL237_EC50,unimol,mlp,crem_lime,-0.019869040122811696,-0.06706347114596584,0.19730002599791296,18,False
CHEMBL237_EC50,unimol,mlp,crem_mean,0.04661141431217101,-0.03537630971999019,0.09470389033063628,18,False
CHEMBL237_EC50,unimol,xgboost,crem_lime,-0.00033187780246792496,-0.07265389316956636,0.12885177583106266,18,False
CHEMBL237_EC50,unimol,xgboost,crem_mean,0.014631778483419367,-0.07537205482641991,0.06750054987516524,18,False
CHEMBL237_Ki,molformer,mlp,crem_lime,-0.037196448083904834,-0.12333950344231517,-0.003555540625631775,40,False
CHEMBL237_Ki,molformer,mlp,crem_mean,-0.026921601671617983,-0.059329333495508924,-0.008372257757599241,40,False
CHEMBL237_Ki,molformer,xgboost,crem_lime,0.008610186774094059,-0.015096197679859199,0.054376123640500915,40,False
CHEMBL237_Ki,molformer,xgboost,crem_mean,-0.021009700176366816,-0.043711174830246224,0.009621824972327865,40,True
CHEMBL237_Ki,morgan,mlp,crem_lime,0.012897377654426292,-0.10166992169668157,0.11888987688024222,40,False
CHEMBL237_Ki,morgan,mlp,crem_mean,-0.025054519905468385,-0.05058543334654195,0.0364401696759898,40,False
CHEMBL237_Ki,morgan,xgboost,crem_lime,0.0025308305044245832,-0.08554174277658796,0.11416494305932129,40,False
CHEMBL237_Ki,morgan,xgboost,crem_mean,0.05192640026362877,-0.0026424554810327828,0.12232882859040402,40,False
CHEMBL237_Ki,unimol,mlp,crem_lime,-0.05027179628580986,-0.1077224571189629,-0.0040369971766659185,40,False
CHEMBL237_Ki,unimol,mlp,crem_mean,-0.006316078214543548,-0.029260734760498282,0.01709799239561147,40,True
CHEMBL237_Ki,unimol,xgboost,crem_lime,0.005042391947763266,-0.0723579623072539,0.04343542780193373,40,False
CHEMBL237_Ki,unimol,xgboost,crem_mean,-0.013375411943154909,-0.04590710940092793,0.009827344634372265,40,True
CHEMBL238_Ki,molformer,mlp,crem_lime,-0.011124216283003899,-0.026832527019715613,0.03304586031375553,19,True
CHEMBL238_Ki,molformer,mlp,crem_mean,-0.00043676561533709246,-0.03880017125470893,0.03059749647722343,19,True
CHEMBL238_Ki,molformer,xgboost,crem_lime,0.013867329340598214,-0.10830746806685124,0.10466928667275843,19,False
CHEMBL238_Ki,molformer,xgboost,crem_mean,0.0,-0.06608477676571722,0.047655614061864054,19,False
CHEMBL238_Ki,morgan,mlp,crem_lime,-0.16772437728078746,-0.2110402213855629,-0.04262495358763241,19,False
CHEMBL238_Ki,morgan,mlp,crem_mean,-0.011834123763447932,-0.1125221260753105,0.008511237045158437,19,False
CHEMBL238_Ki,morgan,xgboost,crem_lime,-0.05409950846693366,-0.24704821829460238,0.013622043187321076,19,False
CHEMBL238_Ki,morgan,xgboost,crem_mean,-0.008521127205708065,-0.04071515583611701,0.06634323123684824,19,False
CHEMBL238_Ki,unimol,mlp,crem_lime,0.024558657070207567,-0.001367071793357863,0.13618146020692928,19,False
CHEMBL238_Ki,unimol,mlp,crem_mean,0.033993539794851334,-0.021195190899591796,0.08314992733746054,19,False
CHEMBL238_Ki,unimol,xgboost,crem_lime,0.0,-0.12686247929308617,0.08342930814898031,19,False
CHEMBL238_Ki,unimol,xgboost,crem_mean,-0.03593338715248076,-0.09796232019243392,0.04018503440063492,19,False
CHEMBL239_EC50,molformer,mlp,crem_lime,-0.016527543973557296,-0.05245461545801797,0.13094996308183443,33,False
CHEMBL239_EC50,molformer,mlp,crem_mean,0.0122113124356411,-0.028450768149307804,0.043733204730362824,33,True
CHEMBL239_EC50,molformer,xgboost,crem_lime,-0.05856804603446853,-0.12579784180526843,0.001365826005887194,33,False
CHEMBL239_EC50,molformer,xgboost,crem_mean,-0.027385672668445736,-0.054499141437749005,0.01750087303076369,33,False
CHEMBL239_EC50,morgan,mlp,crem_lime,-0.021700070042728233,-0.059366046333747716,0.058517850639618764,33,False
CHEMBL239_EC50,morgan,mlp,crem_mean,-0.013218530058352633,-0.04175976489522036,0.012182867909338403,33,True
CHEMBL239_EC50,morgan,xgboost,crem_lime,0.0035499658284305,-0.10321798138909141,0.0729385895536043,33,False
CHEMBL239_EC50,morgan,xgboost,crem_mean,-0.01952664775241897,-0.039307864993315275,-0.005674299193231168,33,True
CHEMBL239_EC50,unimol,mlp,crem_lime,0.0004146752834510159,-0.045597936305201606,0.06483796747653027,33,False
CHEMBL239_EC50,unimol,mlp,crem_mean,-0.0006980778616807737,-0.053772835009649834,0.011723771782735405,33,False
CHEMBL239_EC50,unimol,xgboost,crem_lime,-0.004974259070160275,-0.052728774092823394,0.05325386223175774,33,False
CHEMBL239_EC50,unimol,xgboost,crem_mean,0.003451970032432434,-0.017153969594297963,0.13180936890823244,33,False
CHEMBL244_Ki,molformer,mlp,crem_lime,-0.0562525796021673,-0.10942973381077017,0.006560556393158362,52,False
CHEMBL244_Ki,molformer,mlp,crem_mean,-0.009737034164289553,-0.045433276295596604,0.007573421265558537,52,True
CHEMBL244_Ki,molformer,xgboost,crem_lime,0.019033983997894653,-0.018790855283197586,0.06398231072203038,52,False
CHEMBL244_Ki,molformer,xgboost,crem_mean,-0.006252991553901764,-0.04955205829337644,0.007429914959732966,52,True
CHEMBL244_Ki,morgan,mlp,crem_lime,-0.09691756054357886,-0.12586852097858264,-0.02432176722608887,52,False
CHEMBL244_Ki,morgan,mlp,crem_mean,-0.04342973386221865,-0.07598288989169247,-0.004519320492684671,52,False
CHEMBL244_Ki,morgan,xgboost,crem_lime,-0.03324247091786353,-0.06749315717109486,0.005126919945905006,52,False
CHEMBL244_Ki,morgan,xgboost,crem_mean,-0.02980169260409859,-0.07454345069856366,0.0024838965803281165,52,False
CHEMBL244_Ki,unimol,mlp,crem_lime,-0.002704586559658273,-0.049905640605809036,0.03434982605596916,52,True
CHEMBL244_Ki,unimol,mlp,crem_mean,-0.019740497634373185,-0.041422819545626544,-0.002072458249526234,52,True
CHEMBL244_Ki,unimol,xgboost,crem_lime,-0.009050285496247744,-0.045970780450260464,0.04365279814099608,52,True
CHEMBL244_Ki,unimol,xgboost,crem_mean,0.018924112183704635,-0.027305672956745096,0.04965643173700059,52,True
CHEMBL262_Ki,molformer,mlp,crem_lime,-0.052471207575420245,-0.24697894851318267,0.14817919028348775,13,False
CHEMBL262_Ki,molformer,mlp,crem_mean,-0.04686656307182674,-0.13060995644611942,-0.009134968748007533,13,False
CHEMBL262_Ki,molformer,xgboost,crem_lime,0.004858221612329905,-0.13087251134918343,0.0783066067086787,13,False
CHEMBL262_Ki,molformer,xgboost,crem_mean,-0.01709329685491988,-0.08075010483138892,0.009718620797558211,13,False
CHEMBL262_Ki,morgan,mlp,crem_lime,-0.08784689014307182,-0.14734024946777313,0.054723911260608674,13,False
CHEMBL262_Ki,morgan,mlp,crem_mean,-0.014824023413203196,-0.06667331322411936,0.05938549525513524,13,False
CHEMBL262_Ki,morgan,xgboost,crem_lime,-0.15589576206525482,-0.29523782390449055,-0.05051602699605939,13,False
CHEMBL262_Ki,morgan,xgboost,crem_mean,-0.0374074074074075,-0.11298725472234611,0.054038103395235376,13,False
CHEMBL262_Ki,unimol,mlp,crem_lime,-0.025078016495845235,-0.06406355573839542,0.1929986045903888,13,False
CHEMBL262_Ki,unimol,mlp,crem_mean,0.02644008701333128,-0.1261051123942331,0.07679274339902353,13,False
CHEMBL262_Ki,unimol,xgboost,crem_lime,0.11144452951229211,-0.26591565936784173,0.2896205519769405,13,False
CHEMBL262_Ki,unimol,xgboost,crem_mean,0.04245431977989471,-0.11196507754262428,0.07337126750854348,13,False
CHEMBL264_Ki,molformer,mlp,crem_lime,-0.08737828757812972,-0.1680910446744191,-0.031861094237801896,46,False
CHEMBL264_Ki,molformer,mlp,crem_mean,-0.001090705584122234,-0.06465063424748657,0.02243135231696454,46,False
CHEMBL264_Ki,molformer,xgboost,crem_lime,0.01716511366322055,-0.059251290663925364,0.09269007997296821,46,False
CHEMBL264_Ki,molformer,xgboost,crem_mean,-0.011636188566335599,-0.058042977690234004,0.08154358560559775,46,False
CHEMBL264_Ki,morgan,mlp,crem_lime,-0.04537570804865426,-0.10761293383076663,0.033946587206575944,46,False
CHEMBL264_Ki,morgan,mlp,crem_mean,-0.00041002702281484754,-0.03401147510459251,0.026569034090600335,46,True
CHEMBL264_Ki,morgan,xgboost,crem_lime,-0.08832850544657915,-0.17926244906528604,0.03724298474654853,46,False
CHEMBL264_Ki,morgan,xgboost,crem_mean,0.03615990351893554,-0.035069972044761935,0.09483107472237905,46,False
CHEMBL264_Ki,unimol,mlp,crem_lime,-0.023860397873897057,-0.07097948193915976,0.046181381628330964,46,False
CHEMBL264_Ki,unimol,mlp,crem_mean,0.005895059720672537,-0.030811604152248498,0.03289908707806653,46,True
CHEMBL264_Ki,unimol,xgboost,crem_lime,-0.04206103165869843,-0.11510986678400156,0.00494437471960987,46,False
CHEMBL264_Ki,unimol,xgboost,crem_mean,0.0006522946955865999,-0.029844533427782264,0.04649342427120201,46,True
CHEMBL2835_Ki,molformer,mlp,crem_lime,-0.24987653498803136,-0.3198292035008252,0.29352328559754315,5,False
CHEMBL2835_Ki,molformer,mlp,crem_mean,-0.0040773765646609506,-0.2921381969853333,0.16343442321907514,5,False
CHEMBL2835_Ki,molformer,xgboost,crem_lime,-0.09727716785369145,-0.23523100445721695,0.09701719825712601,5,False
CHEMBL2835_Ki,molformer,xgboost,crem_mean,0.018046058156183986,-0.10209454696911435,0.16819140168354232,5,False
CHEMBL2835_Ki,morgan,mlp,crem_lime,-0.018595218393481786,-0.42017527020623,0.14900265662982526,5,False
CHEMBL2835_Ki,morgan,mlp,crem_mean,-0.01954135319457556,-0.41474888200894394,0.10991988525860907,5,False
CHEMBL2835_Ki,morgan,xgboost,crem_lime,-0.18650452482595697,-0.3972941501064974,0.011373217981538637,5,False
CHEMBL2835_Ki,morgan,xgboost,crem_mean,-0.17543091347210835,-0.29719120596668647,0.1219945168702933,5,False
CHEMBL2835_Ki,unimol,mlp,crem_lime,0.014731042314990422,-0.11340013314858521,0.228760262981247,5,False
CHEMBL2835_Ki,unimol,mlp,crem_mean,0.02505922656495746,-0.12767379679144392,0.14430133796379402,5,False
CHEMBL2835_Ki,unimol,xgboost,crem_lime,0.3602470159612269,0.009469938573499884,0.5219154057954428,5,False
CHEMBL2835_Ki,unimol,xgboost,crem_mean,0.2021198830409358,0.14919817498077653,0.578217866093806,5,False
CHEMBL287_Ki,molformer,mlp,crem_lime,0.0034492126780669152,-0.10636580950554841,0.09705053913808143,26,False
CHEMBL287_Ki,molformer,mlp,crem_mean,0.005719064428279151,-0.022793360376066163,0.05196869662590257,26,False
CHEMBL287_Ki,molformer,xgboost,crem_lime,0.0262186463463207,-0.10224996105710059,0.1525901351415772,26,False
CHEMBL287_Ki,molformer,xgboost,crem_mean,0.006696581469342072,-0.0633891383248764,0.11946458364396532,26,False
CHEMBL287_Ki,morgan,mlp,crem_lime,0.02983171820660112,-0.1251730643797207,0.12711175016574386,26,False
CHEMBL287_Ki,morgan,mlp,crem_mean,-0.012440639109770082,-0.031937119570879316,0.02952848278935232,26,True
CHEMBL287_Ki,morgan,xgboost,crem_lime,0.015659829624814665,-0.15191614827256433,0.16279268724584603,26,False
CHEMBL287_Ki,morgan,xgboost,crem_mean,0.006054422321529543,-0.03973260535760533,0.16354664102765243,26,False
CHEMBL287_Ki,unimol,mlp,crem_lime,0.02144706464535158,-0.1054532281746933,0.10040081446047536,26,False
CHEMBL287_Ki,unimol,mlp,crem_mean,-0.026740039228536232,-0.05830849674394602,0.002056558234250901,26,False
CHEMBL287_Ki,unimol,xgboost,crem_lime,-0.04683507250865422,-0.18399429805010853,0.03268643688626678,26,False
CHEMBL287_Ki,unimol,xgboost,crem_mean,0.0002188956876457704,-0.07240795236327421,0.030643315481223198,26,False
CHEMBL2971_Ki,molformer,mlp,crem_lime,-0.17212002286672543,-0.2731740230609009,-0.07542031613396914,11,False
CHEMBL2971_Ki,molformer,mlp,crem_mean,-0.051404564009376257,-0.19839166457397073,0.0,11,False
CHEMBL2971_Ki,molformer,xgboost,crem_lime,-0.0713209509088818,-0.12465658873948873,0.020557031425949,11,False
CHEMBL2971_Ki,molformer,xgboost,crem_mean,-0.02231953055976027,-0.08311589655833633,0.03303426885509003,11,False
CHEMBL2971_Ki,morgan,mlp,crem_lime,-0.09660489794484953,-0.2604034217237191,0.01608631798198515,11,False
CHEMBL2971_Ki,morgan,mlp,crem_mean,0.0,-0.050811691192774344,0.08568783068783101,11,False
CHEMBL2971_Ki,morgan,xgboost,crem_lime,-0.23561733865143686,-0.37337820452273185,0.33140815389316364,11,False
CHEMBL2971_Ki,morgan,xgboost,crem_mean,-0.022329229412562518,-0.10142170091726482,0.1309149528257347,11,False
CHEMBL2971_Ki,unimol,mlp,crem_lime,-0.01516276019775517,-0.16183494521577335,0.1342857425602267,11,False
CHEMBL2971_Ki,unimol,mlp,crem_mean,0.0,-0.11406199597905103,0.17181887448700317,11,False
CHEMBL2971_Ki,unimol,xgboost,crem_lime,-0.037679583950353646,-0.20539634179951824,0.12626494384736142,11,False
CHEMBL2971_Ki,unimol,xgboost,crem_mean,-0.006325094570060641,-0.07310405643738978,0.04761904761904778,11,False
CHEMBL3979_EC50,molformer,mlp,crem_lime,-0.045117339005831356,-0.24723161138199465,0.06456401489666108,17,False
CHEMBL3979_EC50,molformer,mlp,crem_mean,-0.030686793250805398,-0.0782094356644716,0.029778135681643333,17,False
CHEMBL3979_EC50,molformer,xgboost,crem_lime,-0.04631185964315934,-0.0988205560813214,0.05855808630333148,17,False
CHEMBL3979_EC50,molformer,xgboost,crem_mean,-0.013296174038904467,-0.07793273174175004,0.0007975412387176998,17,False
CHEMBL3979_EC50,morgan,mlp,crem_lime,-0.04725126329116527,-0.10966752279205677,0.09669496491047444,17,False
CHEMBL3979_EC50,morgan,mlp,crem_mean,-0.011504817444219032,-0.14785999867183877,0.0008217674587614361,17,False
CHEMBL3979_EC50,morgan,xgboost,crem_lime,-0.030385657258347167,-0.1007730821503234,0.015345047519570137,17,False
CHEMBL3979_EC50,morgan,xgboost,crem_mean,-0.004449580620014035,-0.0488736842266743,0.0195220694003785,17,True
CHEMBL3979_EC50,unimol,mlp,crem_lime,-0.008741706478055361,-0.1459754199451265,0.07721956124503257,17,False
CHEMBL3979_EC50,unimol,mlp,crem_mean,-0.004367132655531333,-0.07651957090168182,0.044129331535488425,17,False
CHEMBL3979_EC50,unimol,xgboost,crem_lime,-0.025599601365964324,-0.17589067915865306,0.04494585912514655,17,False
CHEMBL3979_EC50,unimol,xgboost,crem_mean,0.0069981891574452115,-0.07378693904386269,0.037122957055022256,17,False
CHEMBL4005_Ki,molformer,mlp,crem_lime,-0.17153350107413542,-0.20008825896197918,0.014092461214220763,17,False
CHEMBL4005_Ki,molformer,mlp,crem_mean,-0.04923881911061395,-0.10945850868961582,0.024960408679693173,17,False
CHEMBL4005_Ki,molformer,xgboost,crem_lime,-0.06972291203084259,-0.1490219598252897,0.012768819075196058,17,False
CHEMBL4005_Ki,molformer,xgboost,crem_mean,0.0511575202955516,-0.0701385328925464,0.17761696055229687,17,False
CHEMBL4005_Ki,morgan,mlp,crem_lime,-0.07343972088282677,-0.2684578303838272,0.044407481925284466,17,False
CHEMBL4005_Ki,morgan,mlp,crem_mean,-0.08309867562004308,-0.16853412679951937,-0.004976174937602067,17,False
CHEMBL4005_Ki,morgan,xgboost,crem_lime,-0.11383281631342666,-0.22295138484420188,0.038317795275167474,17,False
CHEMBL4005_Ki,morgan,xgboost,crem_mean,0.0036850742320633303,-0.14304493924191114,0.04116395787448418,17,False
CHEMBL4005_Ki,unimol,mlp,crem_lime,-0.0004968541882672817,-0.05736693346254931,0.05512549283406326,17,False
CHEMBL4005_Ki,unimol,mlp,crem_mean,-0.062222884380969706,-0.10120834537120559,0.009375174602136896,17,False
CHEMBL4005_Ki,unimol,xgboost,crem_lime,-0.0126181061839418,-0.07598965767037569,0.06420509854030684,17,False
CHEMBL4005_Ki,unimol,xgboost,crem_mean,-0.015778099153996306,-0.09394100885931952,0.013966353864447278,17,False
CHEMBL4203_Ki,molformer,mlp,crem_lime,-0.22996880363287803,-0.8243258689362581,0.08970076162268226,6,False
CHEMBL4203_Ki,molformer,mlp,crem_mean,-0.03901700831847883,-0.15226387019127405,0.05480880493324031,6,False
CHEMBL4203_Ki,molformer,xgboost,crem_lime,-0.33093756764381216,-0.7105261116949422,-0.03274094584795978,6,False
CHEMBL4203_Ki,molformer,xgboost,crem_mean,-0.12467653011810217,-0.4164787272106616,-0.018368186848625352,6,False
CHEMBL4203_Ki,morgan,mlp,crem_lime,0.023427437059277426,-0.8881384856227842,0.13279342215367673,6,False
CHEMBL4203_Ki,morgan,mlp,crem_mean,-0.031241520234224898,-0.5503499018994041,0.13616136789107935,6,False
CHEMBL4203_Ki,morgan,xgboost,crem_lime,0.1472572229239068,-0.6342282780205188,0.4725738268852194,6,False
CHEMBL4203_Ki,morgan,xgboost,crem_mean,0.03239890498245447,-0.4626189924956849,0.15334597203310407,6,False
CHEMBL4203_Ki,unimol,mlp,crem_lime,0.06173986067046243,-0.5441886780867989,0.07359931791133936,6,False
CHEMBL4203_Ki,unimol,mlp,crem_mean,0.03348722904849301,-0.20433674125244544,0.24408632449305273,6,False
CHEMBL4203_Ki,unimol,xgboost,crem_lime,0.019129783489048195,-0.33552860848411786,0.10193468801849254,6,False
CHEMBL4203_Ki,unimol,xgboost,crem_mean,-0.013065784196548118,-0.26807795379223914,0.13589426073875632,6,False
CHEMBL4616_EC50,molformer,mlp,crem_lime,-0.03307659146450351,-0.22596013525949302,0.0,9,False
CHEMBL4616_EC50,molformer,mlp,crem_mean,-0.01974401854567115,-0.1255718423636104,0.05367289191705937,9,False
CHEMBL4616_EC50,molformer,xgboost,crem_lime,-0.04701228401262403,-0.2298686303407304,0.005277219449050056,9,False
CHEMBL4616_EC50,molformer,xgboost,crem_mean,0.0,-0.1748729752705913,0.19393161696302985,9,False
CHEMBL4616_EC50,morgan,mlp,crem_lime,-0.0009600957249313868,-0.29226028010331295,0.08928989974910886,9,False
CHEMBL4616_EC50,morgan,mlp,crem_mean,-0.013826829703995014,-0.13822442856921757,0.07552481617040313,9,False
CHEMBL4616_EC50,morgan,xgboost,crem_lime,-0.005134253259150207,-0.13297555206030415,0.25784376025702793,9,False
CHEMBL4616_EC50,morgan,xgboost,crem_mean,0.09098631014385367,-0.05574971179379311,0.1822456042941053,9,False
CHEMBL4616_EC50,unimol,mlp,crem_lime,0.0,-0.22034709755864695,0.005961530448141572,9,False
CHEMBL4616_EC50,unimol,mlp,crem_mean,-0.018596479967299996,-0.07974451556620901,0.0,9,False
CHEMBL4616_EC50,unimol,xgboost,crem_lime,0.07073245906408336,-0.08127137695306072,0.17927906253607462,9,False
CHEMBL4616_EC50,unimol,xgboost,crem_mean,0.0,-0.06117899801477934,0.16131205856364383,9,False
CHEMBL4792_Ki,molformer,mlp,crem_lime,-0.0696234671811144,-0.15960961923972283,0.01860546150468151,21,False
CHEMBL4792_Ki,molformer,mlp,crem_mean,0.010318825358630795,-0.0423773679102251,0.04701528661429773,21,True
CHEMBL4792_Ki,molformer,xgboost,crem_lime,-0.0032150055387715204,-0.0818765649219928,0.06780266774330022,21,False
CHEMBL4792_Ki,molformer,xgboost,crem_mean,-0.03848623129349581,-0.08311388840530143,0.035302524511045166,21,False
CHEMBL4792_Ki,morgan,mlp,crem_lime,-0.03382114313137613,-0.13610231951607843,0.19992956679164,21,False
CHEMBL4792_Ki,morgan,mlp,crem_mean,0.017781238972374686,-0.04430048532604139,0.08578357983882645,21,False
CHEMBL4792_Ki,morgan,xgboost,crem_lime,0.04072789053879328,-0.16912768184348753,0.12086348802155794,21,False
CHEMBL4792_Ki,morgan,xgboost,crem_mean,0.061305043396140624,-0.07520328657355903,0.12628326660905045,21,False
CHEMBL4792_Ki,unimol,mlp,crem_lime,-0.013361646342379324,-0.22661882912695003,0.08139627243857797,21,False
CHEMBL4792_Ki,unimol,mlp,crem_mean,0.0170186599226764,-0.015902347674810833,0.03895676691729333,21,True
CHEMBL4792_Ki,unimol,xgboost,crem_lime,-0.13025994089516585,-0.21212482451183073,0.1040102096174629,21,False
CHEMBL4792_Ki,unimol,xgboost,crem_mean,-0.005112733044594114,-0.035563930954994896,0.0452647178883937,21,True
