dataset,component_id,component_split,left_index,right_index,positive_atoms,total_atoms,valid_normalized_ap_prevalence
CHEMBL1862_Ki,2,test,53,164,4,53,True
CHEMBL1862_Ki,7,test,103,104,8,44,True
CHEMBL1862_Ki,10,calibration,135,144,15,56,True
CHEMBL1862_Ki,11,test,139,143,11,59,True
CHEMBL1862_Ki,12,test,141,145,11,65,True
CHEMBL1862_Ki,13,test,169,341,17,69,True
CHEMBL1862_Ki,16,calibration,214,330,20,73,True
CHEMBL1862_Ki,18,test,394,397,18,46,True
CHEMBL1862_Ki,1,calibration,403,405,8,56,True
CHEMBL1862_Ki,20,test,419,420,14,48,True
CHEMBL1862_Ki,19,calibration,431,477,13,49,True
CHEMBL1862_Ki,21,calibration,454,455,15,55,True
CHEMBL1862_Ki,22,calibration,456,533,22,58,True
CHEMBL1862_Ki,26,calibration,693,729,26,50,True
CHEMBL1862_Ki,27,test,709,711,14,60,True
CHEMBL1871_Ki,0,calibration,7,348,14,48,True
CHEMBL1871_Ki,1,test,9,11,12,54,True
CHEMBL1871_Ki,3,test,18,520,10,42,True
CHEMBL1871_Ki,5,test,37,61,3,47,True
CHEMBL1871_Ki,6,calibration,91,92,12,46,True
CHEMBL1871_Ki,8,calibration,102,152,12,45,True
CHEMBL1871_Ki,10,test,145,149,8,42,True
CHEMBL1871_Ki,11,test,173,175,11,51,True
CHEMBL1871_Ki,12,calibration,182,185,17,66,True
CHEMBL1871_Ki,17,test,244,308,13,41,True
CHEMBL1871_Ki,22,calibration,356,365,20,48,True
CHEMBL1871_Ki,23,test,369,379,22,44,True
CHEMBL1871_Ki,24,test,395,404,22,46,True
CHEMBL1871_Ki,25,test,408,409,4,51,True
CHEMBL1871_Ki,27,calibration,449,472,27,55,True
CHEMBL1871_Ki,31,calibration,489,498,13,61,True
CHEMBL1871_Ki,35,calibration,574,576,19,69,True
CHEMBL2034_Ki,0,calibration,0,12,14,58,True
CHEMBL2034_Ki,1,calibration,14,69,8,54,True
CHEMBL2034_Ki,2,calibration,40,446,20,52,True
CHEMBL2034_Ki,3,test,49,104,11,59,True
CHEMBL2034_Ki,5,test,51,53,6,52,True
CHEMBL2034_Ki,10,calibration,166,167,17,81,True
CHEMBL2034_Ki,12,test,206,215,12,59,True
CHEMBL2034_Ki,15,test,232,235,8,64,True
CHEMBL2034_Ki,17,test,258,267,15,67,True
CHEMBL2034_Ki,19,test,279,282,12,48,True
CHEMBL2034_Ki,20,test,300,301,12,50,True
CHEMBL2034_Ki,21,test,310,326,16,62,True
CHEMBL2034_Ki,22,calibration,353,374,14,50,True
CHEMBL2034_Ki,23,test,358,359,17,68,True
CHEMBL2034_Ki,29,calibration,423,493,16,50,True
CHEMBL2034_Ki,30,test,430,434,4,46,True
CHEMBL2034_Ki,31,test,488,490,9,65,True
CHEMBL2034_Ki,33,test,495,496,12,66,True
CHEMBL2034_Ki,35,calibration,520,528,20,54,True
CHEMBL2034_Ki,37,calibration,543,551,14,72,True
CHEMBL2034_Ki,36,calibration,569,588,21,69,True
CHEMBL2034_Ki,38,calibration,596,601,19,77,True
CHEMBL2034_Ki,43,calibration,661,691,30,80,True
CHEMBL2034_Ki,45,calibration,705,716,29,79,True
CHEMBL2047_EC50,1,calibration,4,114,13,73,True
CHEMBL2047_EC50,2,test,10,590,20,64,True
CHEMBL2047_EC50,4,calibration,42,94,22,66,True
CHEMBL2047_EC50,5,test,57,284,12,67,True
CHEMBL2047_EC50,6,calibration,64,80,19,73,True
CHEMBL2047_EC50,10,test,170,184,18,58,True
CHEMBL2047_EC50,11,test,172,185,20,56,True
CHEMBL2047_EC50,13,calibration,191,211,22,76,True
CHEMBL2047_EC50,14,calibration,221,236,17,77,True
CHEMBL2047_EC50,15,calibration,222,239,7,72,True
CHEMBL2047_EC50,16,test,229,243,9,77,True
CHEMBL2047_EC50,18,test,324,342,10,66,True
CHEMBL2047_EC50,19,test,334,340,18,64,True
CHEMBL2047_EC50,23,test,387,388,8,48,True
CHEMBL2047_EC50,25,test,413,415,26,78,True
CHEMBL2047_EC50,27,test,513,517,8,62,True
CHEMBL2047_EC50,32,calibration,582,597,18,62,True
CHEMBL2047_EC50,33,calibration,604,610,6,89,True
CHEMBL204_Ki,5,test,60,2441,9,71,True
CHEMBL204_Ki,6,test,62,818,38,54,True
CHEMBL204_Ki,10,calibration,100,121,18,86,True
CHEMBL204_Ki,13,calibration,109,1332,18,82,True
CHEMBL204_Ki,12,test,112,147,23,77,True
CHEMBL204_Ki,17,test,133,263,14,69,True
CHEMBL204_Ki,25,test,167,217,13,68,True
CHEMBL204_Ki,20,calibration,171,212,12,64,True
CHEMBL204_Ki,1,calibration,172,220,10,74,True
CHEMBL204_Ki,26,calibration,186,222,16,66,True
CHEMBL204_Ki,18,calibration,209,230,4,73,True
CHEMBL204_Ki,9,test,257,267,15,72,True
CHEMBL204_Ki,29,calibration,277,309,33,48,True
CHEMBL204_Ki,32,calibration,283,805,4,53,True
CHEMBL204_Ki,31,calibration,285,302,28,72,True
CHEMBL204_Ki,30,calibration,289,306,15,71,True
CHEMBL204_Ki,36,test,305,316,8,68,True
CHEMBL204_Ki,33,calibration,310,313,20,45,True
CHEMBL204_Ki,37,calibration,312,327,35,102,True
CHEMBL204_Ki,38,test,314,1661,23,38,True
CHEMBL204_Ki,40,test,330,344,4,41,True
CHEMBL204_Ki,43,test,363,371,10,66,True
CHEMBL204_Ki,48,calibration,419,465,13,69,True
CHEMBL204_Ki,49,test,423,434,11,68,True
CHEMBL204_Ki,47,calibration,424,454,14,77,True
CHEMBL204_Ki,50,test,432,452,3,73,True
CHEMBL204_Ki,51,calibration,487,493,20,80,True
CHEMBL204_Ki,57,test,522,603,11,95,True
CHEMBL204_Ki,58,calibration,523,577,6,106,True
CHEMBL204_Ki,56,calibration,529,567,3,61,True
CHEMBL204_Ki,63,calibration,552,1854,40,64,True
CHEMBL204_Ki,64,calibration,581,1353,5,74,True
CHEMBL204_Ki,65,calibration,584,2662,28,44,True
CHEMBL204_Ki,60,test,599,677,20,61,True
CHEMBL204_Ki,70,calibration,619,691,8,64,True
CHEMBL204_Ki,72,test,635,689,4,41,True
CHEMBL204_Ki,74,calibration,641,644,11,71,True
CHEMBL204_Ki,75,calibration,643,734,31,59,True
CHEMBL204_Ki,68,test,717,735,24,56,True
CHEMBL204_Ki,84,test,848,856,4,61,True
CHEMBL204_Ki,85,test,868,875,24,52,True
CHEMBL204_Ki,86,test,870,1443,4,63,True
CHEMBL204_Ki,87,calibration,876,1580,15,59,True
CHEMBL204_Ki,4,test,912,1411,12,52,True
CHEMBL204_Ki,89,test,925,989,18,78,True
CHEMBL204_Ki,91,test,1022,1028,20,82,True
CHEMBL204_Ki,96,calibration,1201,1228,21,77,True
CHEMBL204_Ki,93,calibration,1246,1721,12,78,True
CHEMBL204_Ki,98,test,1272,1289,16,78,True
CHEMBL204_Ki,100,calibration,1296,1737,37,66,True
CHEMBL204_Ki,103,calibration,1316,1379,14,98,True
CHEMBL204_Ki,105,calibration,1349,1412,14,64,True
CHEMBL204_Ki,104,test,1358,1406,17,91,True
CHEMBL204_Ki,83,test,1405,1477,20,65,True
CHEMBL204_Ki,41,test,1430,1482,4,41,True
CHEMBL204_Ki,108,calibration,1441,1452,13,66,True
CHEMBL204_Ki,110,test,1492,1493,10,62,True
CHEMBL204_Ki,116,test,1537,1556,17,68,True
CHEMBL204_Ki,113,test,1542,1550,16,71,True
CHEMBL204_Ki,117,calibration,1560,1571,7,49,True
CHEMBL204_Ki,111,calibration,1567,1587,12,70,True
CHEMBL204_Ki,118,test,1615,1634,4,85,True
CHEMBL204_Ki,123,test,1635,1652,4,53,True
CHEMBL204_Ki,129,test,1750,2393,32,62,True
CHEMBL204_Ki,131,calibration,1813,1814,18,98,True
CHEMBL204_Ki,132,test,1815,1817,8,68,True
CHEMBL204_Ki,135,test,1832,1834,5,71,True
CHEMBL204_Ki,66,test,1850,1856,12,63,True
CHEMBL204_Ki,136,test,1874,1876,11,57,True
CHEMBL204_Ki,138,calibration,1875,1879,16,61,True
CHEMBL204_Ki,140,calibration,1927,1933,12,66,True
CHEMBL204_Ki,141,calibration,1942,1943,20,62,True
CHEMBL204_Ki,80,test,1992,1999,18,86,True
CHEMBL204_Ki,146,test,2042,2045,10,60,True
CHEMBL204_Ki,147,calibration,2060,2063,13,81,True
CHEMBL204_Ki,151,calibration,2143,2149,13,71,True
CHEMBL204_Ki,153,calibration,2187,2352,19,69,True
CHEMBL204_Ki,157,test,2269,2275,9,67,True
CHEMBL204_Ki,161,calibration,2308,2318,25,85,True
CHEMBL204_Ki,142,test,2316,2317,11,71,True
CHEMBL204_Ki,165,test,2389,2400,28,70,True
CHEMBL204_Ki,166,test,2415,2416,8,64,True
CHEMBL204_Ki,168,calibration,2437,2483,4,79,True
CHEMBL204_Ki,170,test,2445,2449,6,70,True
CHEMBL204_Ki,172,calibration,2451,2462,17,73,True
CHEMBL204_Ki,173,test,2482,2484,12,76,True
CHEMBL204_Ki,176,test,2508,2509,5,56,True
CHEMBL204_Ki,177,calibration,2529,2531,12,76,True
CHEMBL204_Ki,178,test,2577,2580,12,79,True
CHEMBL204_Ki,179,calibration,2583,2589,13,75,True
CHEMBL204_Ki,182,calibration,2658,2659,4,63,True
CHEMBL204_Ki,184,calibration,2702,2724,21,59,True
CHEMBL204_Ki,186,test,2744,2749,12,54,True
CHEMBL204_Ki,187,calibration,2745,2750,4,49,True
CHEMBL2147_Ki,1,calibration,22,1445,30,56,True
CHEMBL2147_Ki,2,test,36,37,12,44,True
CHEMBL2147_Ki,3,test,46,91,18,48,True
CHEMBL2147_Ki,6,calibration,131,270,12,58,True
CHEMBL2147_Ki,12,calibration,179,597,8,56,True
CHEMBL2147_Ki,15,test,378,630,22,52,True
CHEMBL2147_Ki,14,test,467,494,12,57,True
CHEMBL2147_Ki,19,calibration,653,1444,15,60,True
CHEMBL2147_Ki,21,calibration,663,665,13,49,True
CHEMBL2147_Ki,22,test,681,898,25,59,True
CHEMBL2147_Ki,25,calibration,719,1443,15,59,True
CHEMBL2147_Ki,30,calibration,770,1185,31,66,True
CHEMBL2147_Ki,31,test,801,812,15,59,True
CHEMBL2147_Ki,33,test,821,1179,18,62,True
CHEMBL2147_Ki,32,calibration,822,1138,34,62,True
CHEMBL2147_Ki,35,calibration,825,1177,18,62,True
CHEMBL2147_Ki,36,test,834,837,16,65,True
CHEMBL2147_Ki,39,test,922,931,13,61,True
CHEMBL2147_Ki,41,test,943,1100,47,60,True
CHEMBL2147_Ki,42,calibration,1070,1286,20,60,True
CHEMBL2147_Ki,46,test,1174,1229,19,69,True
CHEMBL2147_Ki,47,calibration,1180,1183,4,67,True
CHEMBL2147_Ki,48,calibration,1227,1249,20,64,True
CHEMBL2147_Ki,49,calibration,1233,1240,16,72,True
CHEMBL2147_Ki,50,test,1252,1253,10,64,True
CHEMBL2147_Ki,23,test,1259,1262,18,66,True
CHEMBL2147_Ki,51,test,1353,1354,13,67,True
CHEMBL214_Ki,0,calibration,4,576,7,50,True
CHEMBL214_Ki,4,test,30,31,22,42,True
CHEMBL214_Ki,6,calibration,50,61,13,66,True
CHEMBL214_Ki,8,test,74,78,15,91,True
CHEMBL214_Ki,3,calibration,140,184,32,54,True
CHEMBL214_Ki,15,test,173,175,4,30,True
CHEMBL214_Ki,16,test,174,626,37,48,True
CHEMBL214_Ki,2,calibration,189,261,15,56,True
CHEMBL214_Ki,18,calibration,230,263,13,52,True
CHEMBL214_Ki,21,test,246,816,18,28,True
CHEMBL214_Ki,22,calibration,254,2309,8,48,True
CHEMBL214_Ki,23,test,269,281,26,36,True
CHEMBL214_Ki,25,test,297,298,10,60,True
CHEMBL214_Ki,27,calibration,329,728,28,54,True
CHEMBL214_Ki,28,calibration,357,956,36,59,True
CHEMBL214_Ki,31,calibration,376,380,9,50,True
CHEMBL214_Ki,32,calibration,378,397,8,68,True
CHEMBL214_Ki,39,test,447,465,16,48,True
CHEMBL214_Ki,40,test,449,452,18,40,True
CHEMBL214_Ki,38,test,450,684,40,48,True
CHEMBL214_Ki,41,test,454,492,12,57,True
CHEMBL214_Ki,42,calibration,487,499,20,54,True
CHEMBL214_Ki,45,calibration,521,555,15,70,True
CHEMBL214_Ki,46,test,528,537,4,63,True
CHEMBL214_Ki,48,test,565,579,4,51,True
CHEMBL214_Ki,14,calibration,578,1077,4,33,True
CHEMBL214_Ki,54,test,651,661,22,62,True
CHEMBL214_Ki,59,test,720,721,8,62,True
CHEMBL214_Ki,62,test,734,973,15,36,True
CHEMBL214_Ki,63,test,741,745,17,63,True
CHEMBL214_Ki,64,calibration,773,774,23,66,True
CHEMBL214_Ki,65,calibration,782,787,17,72,True
CHEMBL214_Ki,67,test,786,800,4,63,True
CHEMBL214_Ki,68,test,808,814,4,65,True
CHEMBL214_Ki,69,test,809,810,24,68,True
CHEMBL214_Ki,73,calibration,828,2483,24,46,True
CHEMBL214_Ki,74,calibration,832,834,13,54,True
CHEMBL214_Ki,76,test,849,854,17,62,True
CHEMBL214_Ki,80,test,880,882,3,63,True
CHEMBL214_Ki,81,calibration,884,1175,8,59,True
CHEMBL214_Ki,83,test,946,1442,27,63,True
CHEMBL214_Ki,86,test,1013,1014,15,71,True
CHEMBL214_Ki,13,test,1054,1470,26,58,True
CHEMBL214_Ki,55,calibration,1075,1169,15,60,True
CHEMBL214_Ki,88,test,1084,1690,24,62,True
CHEMBL214_Ki,91,calibration,1111,1113,11,59,True
CHEMBL214_Ki,35,calibration,1135,1146,15,64,True
CHEMBL214_Ki,95,test,1139,1144,15,65,True
CHEMBL214_Ki,12,test,1156,2185,36,60,True
CHEMBL214_Ki,96,calibration,1181,1182,9,71,True
CHEMBL214_Ki,98,test,1210,1211,5,53,True
CHEMBL214_Ki,99,calibration,1218,1231,3,55,True
CHEMBL214_Ki,102,test,1276,1278,12,68,True
CHEMBL214_Ki,104,calibration,1291,2303,15,59,True
CHEMBL214_Ki,109,test,1341,1342,10,64,True
CHEMBL214_Ki,114,calibration,1384,1721,13,43,True
CHEMBL214_Ki,115,calibration,1388,1401,26,41,True
CHEMBL214_Ki,116,test,1402,1726,17,42,True
CHEMBL214_Ki,117,test,1408,1411,5,62,True
CHEMBL214_Ki,125,test,1473,2114,29,54,True
CHEMBL214_Ki,130,test,1585,1587,18,64,True
CHEMBL214_Ki,131,test,1597,1648,12,64,True
CHEMBL214_Ki,133,test,1677,1704,12,62,True
CHEMBL214_Ki,135,test,1735,1743,16,66,True
CHEMBL214_Ki,136,test,1757,1764,34,60,True
CHEMBL214_Ki,140,calibration,1844,1853,4,61,True
CHEMBL214_Ki,142,test,1860,1902,11,57,True
CHEMBL214_Ki,143,calibration,1863,1864,11,59,True
CHEMBL214_Ki,144,calibration,1876,1887,24,60,True
CHEMBL214_Ki,150,calibration,1926,2454,24,60,True
CHEMBL214_Ki,151,test,1929,1930,8,52,True
CHEMBL214_Ki,153,calibration,1933,2443,20,54,True
CHEMBL214_Ki,148,test,1934,2785,15,50,True
CHEMBL214_Ki,154,calibration,1972,1980,12,70,True
CHEMBL214_Ki,156,calibration,2011,2234,22,54,True
CHEMBL214_Ki,157,calibration,2027,2503,50,70,True
CHEMBL214_Ki,161,calibration,2066,2069,10,62,True
CHEMBL214_Ki,165,calibration,2081,2083,22,68,True
CHEMBL214_Ki,166,calibration,2086,2090,19,65,True
CHEMBL214_Ki,168,test,2094,2339,29,72,True
CHEMBL214_Ki,169,calibration,2108,2119,36,56,True
CHEMBL214_Ki,173,calibration,2218,2222,31,53,True
CHEMBL214_Ki,174,calibration,2220,3313,27,59,True
CHEMBL214_Ki,177,calibration,2294,2298,23,57,True
CHEMBL214_Ki,178,calibration,2304,2305,13,59,True
CHEMBL214_Ki,181,calibration,2470,2477,11,65,True
CHEMBL214_Ki,183,test,2486,2488,10,46,True
CHEMBL214_Ki,189,calibration,2600,2606,16,42,True
CHEMBL214_Ki,191,test,2610,2619,7,66,True
CHEMBL214_Ki,192,test,2616,2622,18,56,True
CHEMBL214_Ki,193,test,2627,2628,9,51,True
CHEMBL214_Ki,197,calibration,2754,2756,8,64,True
CHEMBL214_Ki,198,calibration,2770,2776,35,59,True
CHEMBL214_Ki,199,test,2794,2809,4,53,True
CHEMBL214_Ki,200,test,2816,2818,4,63,True
CHEMBL214_Ki,202,calibration,2837,2840,5,37,True
CHEMBL214_Ki,206,calibration,2871,2872,13,71,True
CHEMBL214_Ki,207,test,2895,2903,25,67,True
CHEMBL214_Ki,208,test,2900,2908,11,69,True
CHEMBL214_Ki,209,calibration,2911,2921,25,61,True
CHEMBL214_Ki,210,test,2937,2938,10,64,True
CHEMBL214_Ki,211,test,2960,2963,16,78,True
CHEMBL214_Ki,212,test,2965,2968,16,74,True
CHEMBL214_Ki,214,test,2973,2981,8,62,True
CHEMBL214_Ki,213,test,2978,2979,4,61,True
CHEMBL214_Ki,216,calibration,2996,3002,12,72,True
CHEMBL214_Ki,215,calibration,3004,3010,12,76,True
CHEMBL214_Ki,217,calibration,3025,3028,18,52,True
CHEMBL214_Ki,218,test,3036,3041,6,76,True
CHEMBL214_Ki,221,calibration,3091,3173,24,80,True
CHEMBL214_Ki,222,calibration,3132,3133,10,70,True
CHEMBL214_Ki,225,calibration,3151,3154,9,35,True
CHEMBL214_Ki,120,calibration,3221,3222,12,58,True
CHEMBL214_Ki,227,calibration,3267,3283,4,48,True
CHEMBL214_Ki,228,test,3270,3277,8,47,True
CHEMBL218_EC50,1,calibration,12,15,24,54,True
CHEMBL218_EC50,2,test,19,510,4,57,True
CHEMBL218_EC50,3,test,26,31,18,58,True
CHEMBL218_EC50,4,test,34,36,11,55,True
CHEMBL218_EC50,5,test,40,43,14,59,True
CHEMBL218_EC50,7,test,70,513,16,54,True
CHEMBL218_EC50,9,calibration,112,136,12,70,True
CHEMBL218_EC50,10,test,122,131,22,68,True
CHEMBL218_EC50,11,test,141,154,18,45,True
CHEMBL218_EC50,12,test,149,159,14,52,True
CHEMBL218_EC50,13,test,152,166,5,57,True
CHEMBL218_EC50,15,calibration,200,202,15,67,True
CHEMBL218_EC50,16,calibration,225,226,15,51,True
CHEMBL218_EC50,18,test,259,264,4,55,True
CHEMBL218_EC50,20,calibration,266,278,13,57,True
CHEMBL218_EC50,21,test,274,276,8,56,True
CHEMBL218_EC50,22,test,285,576,44,96,True
CHEMBL218_EC50,25,test,308,309,4,51,True
CHEMBL218_EC50,30,calibration,337,611,37,63,True
CHEMBL218_EC50,31,test,347,1020,4,53,True
CHEMBL218_EC50,35,calibration,379,383,12,66,True
CHEMBL218_EC50,36,calibration,396,402,14,72,True
CHEMBL218_EC50,37,calibration,399,405,26,74,True
CHEMBL218_EC50,39,test,451,453,29,63,True
CHEMBL218_EC50,42,calibration,481,488,10,62,True
CHEMBL218_EC50,44,calibration,519,1026,33,53,True
CHEMBL218_EC50,45,calibration,523,549,20,50,True
CHEMBL218_EC50,47,calibration,538,540,20,58,True
CHEMBL218_EC50,48,calibration,550,608,12,50,True
CHEMBL218_EC50,52,test,676,690,29,67,True
CHEMBL218_EC50,53,calibration,752,755,15,80,True
CHEMBL218_EC50,58,calibration,798,799,24,94,True
CHEMBL218_EC50,63,calibration,828,875,26,58,True
CHEMBL218_EC50,64,test,840,908,23,51,True
CHEMBL218_EC50,65,test,851,858,4,51,True
CHEMBL218_EC50,69,test,953,956,8,56,True
CHEMBL218_EC50,67,test,985,986,3,51,True
CHEMBL218_EC50,74,calibration,1011,1012,12,52,True
CHEMBL219_Ki,1,calibration,4,537,11,55,True
CHEMBL219_Ki,3,test,25,547,19,55,True
CHEMBL219_Ki,5,calibration,26,768,4,53,True
CHEMBL219_Ki,4,calibration,32,348,26,46,True
CHEMBL219_Ki,8,test,54,1441,22,54,True
CHEMBL219_Ki,10,test,87,996,28,50,True
CHEMBL219_Ki,12,calibration,92,934,19,53,True
CHEMBL219_Ki,17,test,106,435,45,47,True
CHEMBL219_Ki,21,test,134,1716,8,50,True
CHEMBL219_Ki,24,calibration,155,156,11,55,True
CHEMBL219_Ki,23,calibration,180,492,21,39,True
CHEMBL219_Ki,26,calibration,194,202,10,48,True
CHEMBL219_Ki,29,test,242,248,20,46,True
CHEMBL219_Ki,30,calibration,253,329,27,45,True
CHEMBL219_Ki,31,test,264,927,29,42,True
CHEMBL219_Ki,0,calibration,277,1032,31,49,True
CHEMBL219_Ki,33,calibration,287,302,16,32,True
CHEMBL219_Ki,35,test,300,310,14,36,True
CHEMBL219_Ki,36,test,322,1371,35,47,True
CHEMBL219_Ki,37,calibration,330,603,24,42,True
CHEMBL219_Ki,6,calibration,335,343,16,50,True
CHEMBL219_Ki,41,test,358,364,12,60,True
CHEMBL219_Ki,42,test,375,411,3,59,True
CHEMBL219_Ki,44,test,382,391,8,54,True
CHEMBL219_Ki,43,test,387,667,28,48,True
CHEMBL219_Ki,45,calibration,405,429,12,56,True
CHEMBL219_Ki,47,test,459,466,14,46,True
CHEMBL219_Ki,54,test,465,476,22,44,True
CHEMBL219_Ki,51,calibration,477,829,38,52,True
CHEMBL219_Ki,55,calibration,478,945,35,51,True
CHEMBL219_Ki,62,calibration,584,698,43,49,True
CHEMBL219_Ki,61,calibration,621,628,4,49,True
CHEMBL219_Ki,7,calibration,653,679,11,57,True
CHEMBL219_Ki,64,test,663,1229,24,66,True
CHEMBL219_Ki,67,test,720,722,13,47,True
CHEMBL219_Ki,68,test,743,1193,12,54,True
CHEMBL219_Ki,71,calibration,772,789,9,55,True
CHEMBL219_Ki,59,test,773,820,21,53,True
CHEMBL219_Ki,72,test,778,814,28,54,True
CHEMBL219_Ki,73,calibration,832,843,13,61,True
CHEMBL219_Ki,74,test,861,1168,20,63,True
CHEMBL219_Ki,13,calibration,936,1427,8,50,True
CHEMBL219_Ki,79,test,969,976,19,49,True
CHEMBL219_Ki,80,calibration,970,971,8,52,True
CHEMBL219_Ki,81,test,1019,1029,15,70,True
CHEMBL219_Ki,85,test,1117,1134,11,49,True
CHEMBL219_Ki,88,test,1160,1195,20,52,True
CHEMBL219_Ki,89,test,1163,1164,16,58,True
CHEMBL219_Ki,91,calibration,1210,1212,4,53,True
CHEMBL219_Ki,76,calibration,1235,1240,22,42,True
CHEMBL219_Ki,93,calibration,1243,1253,24,48,True
CHEMBL219_Ki,95,calibration,1247,1256,16,52,True
CHEMBL219_Ki,102,calibration,1424,1425,20,68,True
CHEMBL219_Ki,105,calibration,1463,1471,13,41,True
CHEMBL219_Ki,106,test,1482,1483,13,67,True
CHEMBL219_Ki,108,test,1497,1564,28,60,True
CHEMBL219_Ki,110,test,1526,1531,32,100,True
CHEMBL219_Ki,113,calibration,1554,1557,16,59,True
CHEMBL219_Ki,114,calibration,1576,1578,11,65,True
CHEMBL219_Ki,111,test,1623,1639,18,44,True
CHEMBL219_Ki,120,test,1725,1726,18,36,True
CHEMBL219_Ki,122,calibration,1728,1729,11,39,True
CHEMBL219_Ki,123,test,1734,1744,16,48,True
CHEMBL219_Ki,127,test,1763,1764,11,73,True
CHEMBL219_Ki,130,calibration,1800,1804,5,76,True
CHEMBL219_Ki,131,calibration,1848,1849,4,67,True
CHEMBL219_Ki,132,test,1853,1862,8,64,True
CHEMBL228_Ki,1,calibration,5,6,17,39,True
CHEMBL228_Ki,3,calibration,34,38,11,49,True
CHEMBL228_Ki,7,test,74,839,12,42,True
CHEMBL228_Ki,8,calibration,76,77,12,88,True
CHEMBL228_Ki,15,calibration,193,194,12,72,True
CHEMBL228_Ki,16,calibration,213,214,4,41,True
CHEMBL228_Ki,17,calibration,215,220,6,36,True
CHEMBL228_Ki,22,calibration,267,271,12,38,True
CHEMBL228_Ki,24,test,299,302,13,57,True
CHEMBL228_Ki,26,test,307,311,8,44,True
CHEMBL228_Ki,27,calibration,322,337,6,69,True
CHEMBL228_Ki,31,calibration,408,427,15,54,True
CHEMBL228_Ki,33,calibration,414,417,13,55,True
CHEMBL228_Ki,35,calibration,439,505,10,58,True
CHEMBL228_Ki,36,calibration,463,469,14,64,True
CHEMBL228_Ki,38,test,474,498,22,57,True
CHEMBL228_Ki,29,test,479,492,6,54,True
CHEMBL228_Ki,30,test,487,488,5,54,True
CHEMBL228_Ki,40,test,510,515,8,60,True
CHEMBL228_Ki,34,test,528,531,22,56,True
CHEMBL228_Ki,41,calibration,553,554,4,46,True
CHEMBL228_Ki,43,test,573,576,9,59,True
CHEMBL228_Ki,0,calibration,610,1417,30,40,True
CHEMBL228_Ki,46,test,650,651,18,58,True
CHEMBL228_Ki,47,test,653,654,8,62,True
CHEMBL228_Ki,48,test,667,1454,3,27,True
CHEMBL228_Ki,50,test,679,680,4,32,True
CHEMBL228_Ki,51,test,682,684,4,50,True
CHEMBL228_Ki,53,test,728,729,16,52,True
CHEMBL228_Ki,57,test,764,774,22,28,True
CHEMBL228_Ki,58,calibration,786,792,16,44,True
CHEMBL228_Ki,61,calibration,826,827,13,45,True
CHEMBL228_Ki,62,test,828,829,18,40,True
CHEMBL228_Ki,64,calibration,849,866,10,42,True
CHEMBL228_Ki,70,calibration,913,928,30,90,True
CHEMBL228_Ki,71,calibration,914,923,11,109,True
CHEMBL228_Ki,73,calibration,938,949,19,64,True
CHEMBL228_Ki,74,test,943,951,9,73,True
CHEMBL228_Ki,72,test,947,950,11,67,True
CHEMBL228_Ki,75,test,965,966,14,42,True
CHEMBL228_Ki,76,calibration,971,972,8,42,True
CHEMBL228_Ki,77,test,981,982,8,40,True
CHEMBL228_Ki,82,test,1071,1072,20,44,True
CHEMBL228_Ki,83,calibration,1074,1075,9,47,True
CHEMBL228_Ki,84,test,1083,1090,8,36,True
CHEMBL228_Ki,87,calibration,1116,1122,18,42,True
CHEMBL228_Ki,88,test,1165,1195,13,64,True
CHEMBL228_Ki,89,test,1171,1197,15,65,True
CHEMBL228_Ki,90,calibration,1228,1231,16,44,True
CHEMBL228_Ki,92,calibration,1319,1333,20,72,True
CHEMBL228_Ki,93,calibration,1335,1339,4,51,True
CHEMBL228_Ki,94,calibration,1336,1340,4,51,True
CHEMBL228_Ki,95,calibration,1337,1341,4,51,True
CHEMBL228_Ki,104,test,1439,1440,11,39,True
CHEMBL228_Ki,106,test,1467,1468,15,57,True
CHEMBL228_Ki,108,test,1479,1480,12,50,True
CHEMBL228_Ki,112,calibration,1564,1575,27,65,True
CHEMBL228_Ki,113,calibration,1581,1585,12,52,True
CHEMBL228_Ki,115,test,1593,1595,12,54,True
CHEMBL228_Ki,119,test,1673,1674,18,74,True
CHEMBL228_Ki,120,test,1681,1697,36,74,True
CHEMBL231_Ki,0,calibration,10,18,16,62,True
CHEMBL231_Ki,2,calibration,32,42,8,50,True
CHEMBL231_Ki,1,calibration,35,45,14,59,True
CHEMBL231_Ki,3,calibration,67,72,19,63,True
CHEMBL231_Ki,4,test,81,357,45,49,True
CHEMBL231_Ki,10,calibration,154,182,12,62,True
CHEMBL231_Ki,13,test,188,189,10,77,True
CHEMBL231_Ki,23,test,331,334,3,67,True
CHEMBL231_Ki,24,test,341,347,12,36,True
CHEMBL231_Ki,25,calibration,342,348,12,38,True
CHEMBL231_Ki,26,calibration,349,541,12,36,True
CHEMBL231_Ki,27,calibration,362,917,36,42,True
CHEMBL231_Ki,28,test,376,378,9,45,True
CHEMBL231_Ki,29,test,392,397,21,45,True
CHEMBL231_Ki,30,test,402,404,8,46,True
CHEMBL231_Ki,31,test,455,463,13,55,True
CHEMBL231_Ki,32,test,488,490,12,48,True
CHEMBL231_Ki,35,calibration,509,531,15,52,True
CHEMBL231_Ki,36,calibration,515,528,11,49,True
CHEMBL231_Ki,37,calibration,567,570,16,74,True
CHEMBL231_Ki,38,test,574,883,13,39,True
CHEMBL231_Ki,40,test,651,656,14,72,True
CHEMBL231_Ki,44,test,697,727,13,65,True
CHEMBL231_Ki,43,test,703,706,14,69,True
CHEMBL231_Ki,49,calibration,818,819,32,44,True
CHEMBL231_Ki,50,test,836,964,10,52,True
CHEMBL231_Ki,51,calibration,895,899,14,78,True
CHEMBL231_Ki,54,test,935,936,11,65,True
CHEMBL233_Ki,1,test,32,35,13,73,True
CHEMBL233_Ki,7,calibration,83,84,11,81,True
CHEMBL233_Ki,8,test,91,2004,46,56,True
CHEMBL233_Ki,10,calibration,109,2006,26,66,True
CHEMBL233_Ki,13,test,116,1946,26,54,True
CHEMBL233_Ki,15,calibration,155,1495,5,40,True
CHEMBL233_Ki,21,calibration,227,231,26,82,True
CHEMBL233_Ki,24,calibration,240,2898,15,66,True
CHEMBL233_Ki,29,test,288,292,15,47,True
CHEMBL233_Ki,30,test,299,302,8,86,True
CHEMBL233_Ki,9,test,361,2478,24,50,True
CHEMBL233_Ki,37,calibration,373,374,16,64,True
CHEMBL233_Ki,38,test,379,384,12,72,True
CHEMBL233_Ki,40,test,396,397,8,76,True
CHEMBL233_Ki,41,calibration,444,451,11,55,True
CHEMBL233_Ki,43,test,463,466,3,71,True
CHEMBL233_Ki,47,calibration,475,481,6,36,True
CHEMBL233_Ki,50,calibration,517,2218,15,50,True
CHEMBL233_Ki,51,calibration,547,550,5,47,True
CHEMBL233_Ki,52,test,555,568,15,49,True
CHEMBL233_Ki,49,calibration,621,1190,7,50,True
CHEMBL233_Ki,56,test,641,642,4,63,True
CHEMBL233_Ki,55,test,659,664,10,56,True
CHEMBL233_Ki,60,calibration,713,714,3,53,True
CHEMBL233_Ki,61,test,750,816,15,50,True
CHEMBL233_Ki,46,calibration,752,817,27,53,True
CHEMBL233_Ki,17,test,788,1646,26,52,True
CHEMBL233_Ki,64,calibration,806,833,18,58,True
CHEMBL233_Ki,65,test,826,827,8,47,True
CHEMBL233_Ki,68,calibration,857,2071,4,49,True
CHEMBL233_Ki,69,test,864,867,10,54,True
CHEMBL233_Ki,70,calibration,866,873,11,53,True
CHEMBL233_Ki,71,calibration,891,897,19,55,True
CHEMBL233_Ki,72,test,916,922,9,71,True
CHEMBL233_Ki,76,test,946,952,4,61,True
CHEMBL233_Ki,79,test,999,1010,4,53,True
CHEMBL233_Ki,82,calibration,1019,1027,10,70,True
CHEMBL233_Ki,86,test,1086,1088,3,45,True
CHEMBL233_Ki,88,test,1089,1187,8,42,True
CHEMBL233_Ki,94,calibration,1167,1171,13,46,True
CHEMBL233_Ki,95,test,1178,1179,8,48,True
CHEMBL233_Ki,93,calibration,1180,1322,16,46,True
CHEMBL233_Ki,96,test,1195,1202,18,70,True
CHEMBL233_Ki,97,calibration,1204,1208,14,68,True
CHEMBL233_Ki,98,test,1210,1641,14,65,True
CHEMBL233_Ki,102,test,1242,1243,16,64,True
CHEMBL233_Ki,104,calibration,1362,1377,12,70,True
CHEMBL233_Ki,105,calibration,1389,1391,10,88,True
CHEMBL233_Ki,107,test,1406,1412,8,60,True
CHEMBL233_Ki,109,test,1426,1427,14,54,True
CHEMBL233_Ki,111,test,1443,1445,10,78,True
CHEMBL233_Ki,112,calibration,1464,1468,13,75,True
CHEMBL233_Ki,113,test,1482,1782,21,63,True
CHEMBL233_Ki,114,calibration,1487,1492,14,58,True
CHEMBL233_Ki,115,test,1488,1494,23,65,True
CHEMBL233_Ki,117,test,1555,1932,8,46,True
CHEMBL233_Ki,23,calibration,1571,1572,4,67,True
CHEMBL233_Ki,42,calibration,1583,1586,26,62,True
CHEMBL233_Ki,121,calibration,1599,1606,16,59,True
CHEMBL233_Ki,126,calibration,1654,1657,19,65,True
CHEMBL233_Ki,127,test,1684,1761,18,57,True
CHEMBL233_Ki,128,test,1702,1711,16,58,True
CHEMBL233_Ki,87,calibration,1777,2715,12,44,True
CHEMBL233_Ki,130,calibration,1784,1795,13,64,True
CHEMBL233_Ki,132,test,1810,1812,4,73,True
CHEMBL233_Ki,58,calibration,1980,1982,7,57,True
CHEMBL233_Ki,144,test,2000,2001,11,63,True
CHEMBL233_Ki,145,calibration,2052,2059,4,69,True
CHEMBL233_Ki,142,test,2083,2095,26,72,True
CHEMBL233_Ki,62,calibration,2130,2634,18,66,True
CHEMBL233_Ki,150,calibration,2202,2834,17,99,True
CHEMBL233_Ki,151,test,2321,3045,16,62,True
CHEMBL233_Ki,155,calibration,2360,2372,8,78,True
CHEMBL233_Ki,158,test,2409,2428,22,52,True
CHEMBL233_Ki,159,test,2417,2422,6,58,True
CHEMBL233_Ki,165,test,2579,2591,19,56,True
CHEMBL233_Ki,167,calibration,2630,2632,5,77,True
CHEMBL233_Ki,169,test,2725,2733,21,77,True
CHEMBL233_Ki,170,calibration,2739,2741,12,62,True
CHEMBL233_Ki,171,test,2742,2746,10,57,True
CHEMBL233_Ki,172,calibration,2749,2750,8,64,True
CHEMBL233_Ki,174,test,2793,2794,7,46,True
CHEMBL233_Ki,176,calibration,2835,2844,11,69,True
CHEMBL233_Ki,177,calibration,2878,2879,7,80,True
CHEMBL233_Ki,135,calibration,2901,2910,31,125,True
CHEMBL233_Ki,180,calibration,2984,2990,5,55,True
CHEMBL233_Ki,183,calibration,3076,3077,8,47,True
CHEMBL233_Ki,137,calibration,3104,3133,20,88,True
CHEMBL234_Ki,0,test,5,6,22,66,True
CHEMBL234_Ki,1,calibration,8,16,4,47,True
CHEMBL234_Ki,2,calibration,19,27,14,44,True
CHEMBL234_Ki,7,calibration,88,1058,45,51,True
CHEMBL234_Ki,10,test,98,100,8,33,True
CHEMBL234_Ki,15,test,130,133,12,66,True
CHEMBL234_Ki,19,calibration,155,175,18,75,True
CHEMBL234_Ki,20,calibration,172,3482,44,48,True
CHEMBL234_Ki,17,calibration,176,2110,39,46,True
CHEMBL234_Ki,23,calibration,186,210,12,78,True
CHEMBL234_Ki,24,test,202,213,8,42,True
CHEMBL234_Ki,26,calibration,226,333,27,45,True
CHEMBL234_Ki,27,test,227,242,4,63,True
CHEMBL234_Ki,30,test,236,267,4,55,True
CHEMBL234_Ki,32,test,243,487,15,45,True
CHEMBL234_Ki,35,test,252,297,38,44,True
CHEMBL234_Ki,33,calibration,259,269,10,37,True
CHEMBL234_Ki,29,calibration,270,304,46,51,True
CHEMBL234_Ki,34,test,272,640,11,31,True
CHEMBL234_Ki,37,test,296,2080,43,47,True
CHEMBL234_Ki,38,calibration,312,2911,30,64,True
CHEMBL234_Ki,41,test,344,469,17,51,True
CHEMBL234_Ki,43,calibration,375,399,21,44,True
CHEMBL234_Ki,46,calibration,422,425,12,66,True
CHEMBL234_Ki,47,calibration,431,434,12,63,True
CHEMBL234_Ki,52,calibration,484,555,27,42,True
CHEMBL234_Ki,53,test,489,1922,4,42,True
CHEMBL234_Ki,54,calibration,495,497,31,58,True
CHEMBL234_Ki,55,calibration,527,570,30,40,True
CHEMBL234_Ki,62,test,590,604,14,50,True
CHEMBL234_Ki,60,test,598,603,14,51,True
CHEMBL234_Ki,64,test,609,662,14,104,True
CHEMBL234_Ki,66,test,680,695,12,38,True
CHEMBL234_Ki,68,test,706,715,19,67,True
CHEMBL234_Ki,71,calibration,769,773,15,41,True
CHEMBL234_Ki,79,test,847,851,10,48,True
CHEMBL234_Ki,78,calibration,850,852,11,52,True
CHEMBL234_Ki,80,test,853,854,10,50,True
CHEMBL234_Ki,88,test,1030,1038,8,64,True
CHEMBL234_Ki,90,test,1073,1082,16,46,True
CHEMBL234_Ki,92,test,1091,1095,16,64,True
CHEMBL234_Ki,93,test,1140,1142,11,51,True
CHEMBL234_Ki,94,test,1149,1224,36,76,True
CHEMBL234_Ki,28,test,1171,1177,4,69,True
CHEMBL234_Ki,98,calibration,1225,1398,18,75,True
CHEMBL234_Ki,101,test,1239,3381,31,53,True
CHEMBL234_Ki,102,calibration,1253,1266,36,73,True
CHEMBL234_Ki,103,calibration,1265,1275,11,63,True
CHEMBL234_Ki,104,test,1267,1272,15,70,True
CHEMBL234_Ki,105,test,1271,3078,35,72,True
CHEMBL234_Ki,106,calibration,1288,1294,20,68,True
CHEMBL234_Ki,107,test,1302,1324,26,50,True
CHEMBL234_Ki,57,calibration,1303,1325,24,48,True
CHEMBL234_Ki,108,test,1311,1316,13,55,True
CHEMBL234_Ki,109,calibration,1343,1350,5,50,True
CHEMBL234_Ki,111,calibration,1379,1387,24,68,True
CHEMBL234_Ki,114,calibration,1474,1475,4,76,True
CHEMBL234_Ki,3,calibration,1540,1552,25,53,True
CHEMBL234_Ki,74,test,1596,1601,13,43,True
CHEMBL234_Ki,122,calibration,1620,2377,13,51,True
CHEMBL234_Ki,123,calibration,1641,1653,16,50,True
CHEMBL234_Ki,124,calibration,1642,1656,18,51,True
CHEMBL234_Ki,126,test,1664,1669,10,51,True
CHEMBL234_Ki,127,test,1678,1680,4,53,True
CHEMBL234_Ki,129,calibration,1687,1688,15,51,True
CHEMBL234_Ki,130,test,1706,1762,20,51,True
CHEMBL234_Ki,133,test,1771,1772,12,44,True
CHEMBL234_Ki,135,calibration,1781,1800,4,57,True
CHEMBL234_Ki,137,test,1797,1799,14,64,True
CHEMBL234_Ki,138,test,1811,1817,9,60,True
CHEMBL234_Ki,139,test,1812,1816,26,66,True
CHEMBL234_Ki,143,test,1864,1957,14,68,True
CHEMBL234_Ki,145,calibration,1876,1879,8,60,True
CHEMBL234_Ki,147,calibration,1887,1894,17,69,True
CHEMBL234_Ki,150,calibration,1928,1935,13,91,True
CHEMBL234_Ki,153,calibration,2089,2092,57,109,True
CHEMBL234_Ki,156,test,2132,3601,12,36,True
CHEMBL234_Ki,159,calibration,2222,2223,10,70,True
CHEMBL234_Ki,160,test,2241,2243,10,62,True
CHEMBL234_Ki,162,calibration,2277,2282,17,61,True
CHEMBL234_Ki,165,test,2331,2465,38,64,True
CHEMBL234_Ki,168,calibration,2425,2429,12,56,True
CHEMBL234_Ki,169,calibration,2431,2432,4,57,True
CHEMBL234_Ki,171,calibration,2464,2482,21,64,True
CHEMBL234_Ki,172,test,2483,2484,4,65,True
CHEMBL234_Ki,174,test,2512,2540,41,71,True
CHEMBL234_Ki,176,calibration,2520,2830,38,72,True
CHEMBL234_Ki,175,calibration,2544,3168,40,66,True
CHEMBL234_Ki,179,calibration,2574,2657,34,68,True
CHEMBL234_Ki,180,test,2603,2621,21,72,True
CHEMBL234_Ki,181,test,2652,2929,14,70,True
CHEMBL234_Ki,185,calibration,2732,2934,37,71,True
CHEMBL234_Ki,186,calibration,2795,2919,28,64,True
CHEMBL234_Ki,188,test,2987,2988,4,61,True
CHEMBL234_Ki,190,calibration,3011,3017,18,70,True
CHEMBL234_Ki,191,test,3015,3016,12,64,True
CHEMBL234_Ki,193,test,3069,3081,4,61,True
CHEMBL234_Ki,194,test,3083,3112,8,74,True
CHEMBL234_Ki,195,calibration,3084,3091,23,65,True
CHEMBL234_Ki,196,test,3089,3100,18,70,True
CHEMBL234_Ki,197,test,3093,3095,12,72,True
CHEMBL234_Ki,201,test,3184,3187,9,55,True
CHEMBL234_Ki,202,test,3196,3213,17,77,True
CHEMBL234_Ki,204,calibration,3316,3320,49,67,True
CHEMBL234_Ki,209,test,3357,3358,18,36,True
CHEMBL234_Ki,211,calibration,3365,3366,18,42,True
CHEMBL234_Ki,212,test,3372,3379,17,49,True
CHEMBL234_Ki,213,test,3393,3394,17,62,True
CHEMBL234_Ki,214,calibration,3396,3397,11,59,True
CHEMBL234_Ki,218,calibration,3514,3515,14,68,True
CHEMBL234_Ki,220,calibration,3544,3545,19,47,True
CHEMBL234_Ki,221,calibration,3578,3581,10,44,True
CHEMBL234_Ki,223,calibration,3612,3613,4,57,True
CHEMBL234_Ki,226,test,3640,3641,22,52,True
CHEMBL235_EC50,0,test,22,99,12,69,True
CHEMBL235_EC50,1,test,24,1379,20,66,True
CHEMBL235_EC50,2,calibration,25,473,15,59,True
CHEMBL235_EC50,9,calibration,57,2063,26,56,True
CHEMBL235_EC50,10,calibration,60,118,14,58,True
CHEMBL235_EC50,11,test,69,222,22,60,True
CHEMBL235_EC50,8,calibration,84,229,22,85,True
CHEMBL235_EC50,14,calibration,110,1275,16,70,True
CHEMBL235_EC50,20,test,256,257,4,67,True
CHEMBL235_EC50,21,calibration,260,570,22,54,True
CHEMBL235_EC50,23,test,268,271,10,60,True
CHEMBL235_EC50,29,test,360,361,4,77,True
CHEMBL235_EC50,30,test,365,1506,35,79,True
CHEMBL235_EC50,32,test,377,389,16,66,True
CHEMBL235_EC50,34,calibration,397,405,5,70,True
CHEMBL235_EC50,36,calibration,415,436,16,62,True
CHEMBL235_EC50,39,calibration,479,480,10,78,True
CHEMBL235_EC50,43,test,514,520,13,69,True
CHEMBL235_EC50,44,test,524,525,18,60,True
CHEMBL235_EC50,46,calibration,534,678,22,70,True
CHEMBL235_EC50,47,test,537,689,18,64,True
CHEMBL235_EC50,48,calibration,542,545,5,80,True
CHEMBL235_EC50,50,test,552,577,26,64,True
CHEMBL235_EC50,49,calibration,555,572,20,61,True
CHEMBL235_EC50,51,calibration,584,585,15,78,True
CHEMBL235_EC50,52,test,590,596,21,75,True
CHEMBL235_EC50,24,test,598,2027,36,62,True
CHEMBL235_EC50,54,calibration,622,629,16,67,True
CHEMBL235_EC50,55,test,657,658,8,66,True
CHEMBL235_EC50,60,calibration,703,704,10,67,True
CHEMBL235_EC50,35,test,758,776,26,60,True
CHEMBL235_EC50,64,calibration,802,809,21,66,True
CHEMBL235_EC50,72,calibration,897,899,8,54,True
CHEMBL235_EC50,73,calibration,915,916,18,51,True
CHEMBL235_EC50,76,test,935,943,22,72,True
CHEMBL235_EC50,77,calibration,958,966,36,85,True
CHEMBL235_EC50,79,calibration,973,974,8,52,True
CHEMBL235_EC50,81,calibration,988,998,12,65,True
CHEMBL235_EC50,82,test,991,999,12,65,True
CHEMBL235_EC50,83,calibration,1021,1039,25,60,True
CHEMBL235_EC50,86,calibration,1051,1052,8,67,True
CHEMBL235_EC50,87,test,1076,1084,7,68,True
CHEMBL235_EC50,89,test,1085,1089,4,72,True
CHEMBL235_EC50,90,calibration,1099,1101,17,71,True
CHEMBL235_EC50,92,calibration,1132,1134,6,80,True
CHEMBL235_EC50,93,test,1185,1193,16,52,True
CHEMBL235_EC50,95,calibration,1211,1218,27,79,True
CHEMBL235_EC50,96,calibration,1214,1893,14,77,True
CHEMBL235_EC50,94,test,1217,1765,34,80,True
CHEMBL235_EC50,100,calibration,1290,1297,18,78,True
CHEMBL235_EC50,101,calibration,1331,1335,22,54,True
CHEMBL235_EC50,103,test,1365,1366,3,67,True
CHEMBL235_EC50,104,calibration,1376,1377,11,65,True
CHEMBL235_EC50,106,calibration,1442,1464,16,58,True
CHEMBL235_EC50,107,test,1468,1484,12,61,True
CHEMBL235_EC50,80,test,1499,1500,8,76,True
CHEMBL235_EC50,112,calibration,1519,1522,15,83,True
CHEMBL235_EC50,113,test,1543,1544,4,34,True
CHEMBL235_EC50,114,test,1588,1590,4,78,True
CHEMBL235_EC50,115,test,1610,1612,12,72,True
CHEMBL235_EC50,116,test,1630,1633,15,61,True
CHEMBL235_EC50,117,calibration,1677,1743,8,50,True
CHEMBL235_EC50,118,calibration,1684,1686,19,80,True
CHEMBL235_EC50,123,test,1731,1790,20,78,True
CHEMBL235_EC50,124,test,1759,1985,38,68,True
CHEMBL235_EC50,125,test,1762,1764,21,83,True
CHEMBL235_EC50,7,test,1766,1774,25,83,True
CHEMBL235_EC50,127,test,1858,1860,13,71,True
CHEMBL235_EC50,129,test,1903,1923,21,86,True
CHEMBL235_EC50,131,calibration,1928,1954,5,56,True
CHEMBL235_EC50,133,test,1938,1950,10,53,True
CHEMBL235_EC50,136,calibration,1990,1993,10,76,True
CHEMBL235_EC50,137,test,2038,2042,20,70,True
CHEMBL235_EC50,139,test,2095,2098,16,58,True
CHEMBL235_EC50,140,calibration,2109,2117,10,86,True
CHEMBL236_Ki,0,test,14,20,5,53,True
CHEMBL236_Ki,4,calibration,40,43,13,73,True
CHEMBL236_Ki,1,test,75,267,21,73,True
CHEMBL236_Ki,8,test,109,115,18,84,True
CHEMBL236_Ki,11,test,110,404,5,55,True
CHEMBL236_Ki,15,calibration,140,599,23,83,True
CHEMBL236_Ki,16,test,163,171,8,48,True
CHEMBL236_Ki,17,test,167,307,15,75,True
CHEMBL236_Ki,19,calibration,175,935,25,51,True
CHEMBL236_Ki,21,calibration,196,432,18,46,True
CHEMBL236_Ki,31,test,260,276,3,67,True
CHEMBL236_Ki,33,calibration,262,315,3,57,True
CHEMBL236_Ki,34,calibration,266,290,14,56,True
CHEMBL236_Ki,36,test,327,328,14,110,True
CHEMBL236_Ki,37,test,333,345,3,55,True
CHEMBL236_Ki,39,test,337,348,3,65,True
CHEMBL236_Ki,38,calibration,338,347,3,63,True
CHEMBL236_Ki,41,test,372,1556,35,104,True
CHEMBL236_Ki,44,calibration,382,1755,21,69,True
CHEMBL236_Ki,45,calibration,394,398,3,53,True
CHEMBL236_Ki,47,calibration,414,2539,29,48,True
CHEMBL236_Ki,20,calibration,437,568,4,43,True
CHEMBL236_Ki,50,test,467,489,8,78,True
CHEMBL236_Ki,53,test,518,589,11,51,True
CHEMBL236_Ki,57,calibration,579,586,8,44,True
CHEMBL236_Ki,60,calibration,644,2051,4,49,True
CHEMBL236_Ki,63,test,684,693,15,49,True
CHEMBL236_Ki,67,test,715,717,17,46,True
CHEMBL236_Ki,71,test,739,748,13,55,True
CHEMBL236_Ki,72,test,753,1151,13,72,True
CHEMBL236_Ki,23,calibration,757,1154,13,60,True
CHEMBL236_Ki,7,test,843,1134,10,84,True
CHEMBL236_Ki,76,calibration,850,851,3,53,True
CHEMBL236_Ki,77,test,862,863,13,55,True
CHEMBL236_Ki,80,calibration,874,887,15,58,True
CHEMBL236_Ki,82,test,875,891,12,55,True
CHEMBL236_Ki,85,calibration,994,998,12,64,True
CHEMBL236_Ki,87,calibration,1028,1030,9,53,True
CHEMBL236_Ki,90,calibration,1062,1065,9,54,True
CHEMBL236_Ki,91,test,1117,1120,15,49,True
CHEMBL236_Ki,10,calibration,1124,1127,19,101,True
CHEMBL236_Ki,93,test,1175,1179,13,75,True
CHEMBL236_Ki,94,test,1191,1192,4,68,True
CHEMBL236_Ki,13,calibration,1237,1788,24,70,True
CHEMBL236_Ki,100,test,1285,2054,25,64,True
CHEMBL236_Ki,59,calibration,1311,1916,17,75,True
CHEMBL236_Ki,107,calibration,1444,1447,24,102,True
CHEMBL236_Ki,112,calibration,1541,1547,13,57,True
CHEMBL236_Ki,113,calibration,1550,1816,10,40,True
CHEMBL236_Ki,119,calibration,1718,1725,12,97,True
CHEMBL236_Ki,120,test,1729,1786,28,93,True
CHEMBL236_Ki,121,test,1736,1738,14,82,True
CHEMBL236_Ki,122,calibration,1746,2584,14,86,True
CHEMBL236_Ki,126,calibration,1824,1932,18,62,True
CHEMBL236_Ki,127,test,1828,1830,4,38,True
CHEMBL236_Ki,128,test,1849,2516,15,93,True
CHEMBL236_Ki,129,calibration,1853,1859,8,50,True
CHEMBL236_Ki,135,test,2000,2008,15,77,True
CHEMBL236_Ki,145,test,2280,2289,11,81,True
CHEMBL236_Ki,147,calibration,2335,2338,5,77,True
CHEMBL236_Ki,148,calibration,2358,2359,8,98,True
CHEMBL236_Ki,149,calibration,2376,2377,5,73,True
CHEMBL236_Ki,151,calibration,2422,2430,10,68,True
CHEMBL236_Ki,152,test,2457,2461,18,78,True
CHEMBL236_Ki,153,test,2479,2483,11,59,True
CHEMBL236_Ki,154,calibration,2523,2526,16,61,True
CHEMBL236_Ki,138,test,2525,2533,20,62,True
CHEMBL237_EC50,1,test,8,311,14,46,True
CHEMBL237_EC50,5,calibration,41,42,12,68,True
CHEMBL237_EC50,6,calibration,45,47,5,61,True
CHEMBL237_EC50,7,test,46,48,5,65,True
CHEMBL237_EC50,8,test,57,62,8,40,True
CHEMBL237_EC50,10,test,78,96,19,74,True
CHEMBL237_EC50,12,calibration,87,133,22,62,True
CHEMBL237_EC50,14,calibration,128,138,5,54,True
CHEMBL237_EC50,15,test,135,136,4,56,True
CHEMBL237_EC50,18,test,149,356,24,74,True
CHEMBL237_EC50,20,calibration,169,436,6,120,True
CHEMBL237_EC50,22,calibration,177,685,14,60,True
CHEMBL237_EC50,23,calibration,178,183,20,64,True
CHEMBL237_EC50,24,calibration,180,184,9,55,True
CHEMBL237_EC50,26,test,211,312,18,52,True
CHEMBL237_EC50,27,test,212,318,20,51,True
CHEMBL237_EC50,30,test,261,267,39,69,True
CHEMBL237_EC50,33,calibration,275,280,13,78,True
CHEMBL237_EC50,35,calibration,340,383,7,64,True
CHEMBL237_EC50,36,calibration,342,344,14,44,True
CHEMBL237_EC50,37,calibration,345,346,13,87,True
CHEMBL237_EC50,39,calibration,350,475,23,71,True
CHEMBL237_EC50,42,test,371,372,10,58,True
CHEMBL237_EC50,44,calibration,406,415,15,57,True
CHEMBL237_EC50,48,test,460,463,9,65,True
CHEMBL237_EC50,9,test,585,587,5,69,True
CHEMBL237_EC50,57,test,631,638,13,49,True
CHEMBL237_EC50,58,test,657,659,11,53,True
CHEMBL237_EC50,25,calibration,756,934,14,76,True
CHEMBL237_EC50,62,test,771,776,3,75,True
CHEMBL237_EC50,61,test,772,773,16,73,True
CHEMBL237_EC50,63,calibration,778,783,24,88,True
CHEMBL237_EC50,65,calibration,816,821,10,100,True
CHEMBL237_EC50,67,test,829,863,5,63,True
CHEMBL237_EC50,29,test,905,907,9,75,True
CHEMBL237_Ki,1,test,19,34,24,130,True
CHEMBL237_Ki,5,test,45,287,42,52,True
CHEMBL237_Ki,8,calibration,62,63,24,72,True
CHEMBL237_Ki,9,test,80,1429,9,76,True
CHEMBL237_Ki,11,calibration,109,1259,14,47,True
CHEMBL237_Ki,13,calibration,116,124,11,43,True
CHEMBL237_Ki,14,calibration,117,123,15,48,True
CHEMBL237_Ki,15,test,120,126,16,44,True
CHEMBL237_Ki,16,test,128,132,10,74,True
CHEMBL237_Ki,20,test,149,393,9,51,True
CHEMBL237_Ki,22,calibration,160,169,10,54,True
CHEMBL237_Ki,26,test,203,204,4,67,True
CHEMBL237_Ki,27,calibration,206,211,8,46,True
CHEMBL237_Ki,31,calibration,303,304,3,81,True
CHEMBL237_Ki,33,test,312,313,14,76,True
CHEMBL237_Ki,34,calibration,314,2375,14,62,True
CHEMBL237_Ki,32,calibration,316,549,19,70,True
CHEMBL237_Ki,35,calibration,321,327,12,54,True
CHEMBL237_Ki,36,calibration,342,343,14,73,True
CHEMBL237_Ki,38,test,391,645,13,65,True
CHEMBL237_Ki,41,calibration,419,420,4,83,True
CHEMBL237_Ki,42,test,434,794,15,57,True
CHEMBL237_Ki,43,test,435,445,10,70,True
CHEMBL237_Ki,45,test,469,470,4,56,True
CHEMBL237_Ki,48,test,505,511,17,49,True
CHEMBL237_Ki,40,calibration,546,1046,7,50,True
CHEMBL237_Ki,50,test,555,1225,10,72,True
CHEMBL237_Ki,51,calibration,570,575,18,50,True
CHEMBL237_Ki,55,test,630,634,9,55,True
CHEMBL237_Ki,59,test,648,688,5,45,True
CHEMBL237_Ki,61,test,656,673,12,55,True
CHEMBL237_Ki,63,test,685,750,8,53,True
CHEMBL237_Ki,56,test,718,1015,19,53,True
CHEMBL237_Ki,70,calibration,806,1794,4,49,True
CHEMBL237_Ki,72,calibration,837,841,15,56,True
CHEMBL237_Ki,71,calibration,863,866,15,47,True
CHEMBL237_Ki,53,calibration,874,1043,13,66,True
CHEMBL237_Ki,74,calibration,908,919,4,53,True
CHEMBL237_Ki,76,calibration,913,914,14,66,True
CHEMBL237_Ki,77,test,917,918,4,55,True
CHEMBL237_Ki,37,test,971,1650,22,70,True
CHEMBL237_Ki,82,test,1009,1337,7,45,True
CHEMBL237_Ki,86,calibration,1029,1033,18,48,True
CHEMBL237_Ki,87,calibration,1055,1690,16,66,True
CHEMBL237_Ki,91,test,1102,1115,20,78,True
CHEMBL237_Ki,92,test,1117,1123,14,78,True
CHEMBL237_Ki,93,calibration,1135,1139,8,66,True
CHEMBL237_Ki,94,calibration,1171,1174,8,88,True
CHEMBL237_Ki,96,calibration,1210,1212,10,78,True
CHEMBL237_Ki,102,calibration,1313,1315,12,68,True
CHEMBL237_Ki,105,calibration,1427,1428,4,64,True
CHEMBL237_Ki,107,calibration,1447,1455,16,58,True
CHEMBL237_Ki,108,test,1465,1765,7,71,True
CHEMBL237_Ki,109,calibration,1560,1564,11,81,True
CHEMBL237_Ki,112,test,1586,1591,5,45,True
CHEMBL237_Ki,114,test,1614,1616,11,77,True
CHEMBL237_Ki,115,test,1670,1807,17,49,True
CHEMBL237_Ki,119,test,1682,2026,13,53,True
CHEMBL237_Ki,120,calibration,1742,1743,8,98,True
CHEMBL237_Ki,121,test,1747,1751,16,55,True
CHEMBL237_Ki,122,test,1749,1750,4,67,True
CHEMBL237_Ki,117,calibration,1806,1819,25,71,True
CHEMBL237_Ki,129,test,1873,1881,6,62,True
CHEMBL237_Ki,130,calibration,1875,1876,10,66,True
CHEMBL237_Ki,128,test,1878,1886,15,77,True
CHEMBL237_Ki,133,calibration,1936,1938,8,72,True
CHEMBL237_Ki,135,calibration,1962,1966,11,69,True
CHEMBL237_Ki,137,test,1969,1971,5,77,True
CHEMBL237_Ki,138,test,1978,2101,20,77,True
CHEMBL237_Ki,144,test,2076,2092,11,59,True
CHEMBL237_Ki,151,test,2184,2186,13,81,True
CHEMBL237_Ki,152,calibration,2233,2236,5,77,True
CHEMBL237_Ki,65,calibration,2243,2486,23,64,True
CHEMBL237_Ki,146,calibration,2299,2301,8,74,True
CHEMBL237_Ki,154,calibration,2329,2336,21,77,True
CHEMBL237_Ki,162,test,2546,2547,4,89,True
CHEMBL237_Ki,163,calibration,2553,2555,14,63,True
CHEMBL237_Ki,110,test,2576,2579,13,93,True
CHEMBL238_Ki,3,test,16,50,38,65,True
CHEMBL238_Ki,5,calibration,36,38,11,49,True
CHEMBL238_Ki,8,calibration,88,89,12,43,True
CHEMBL238_Ki,10,test,138,143,12,38,True
CHEMBL238_Ki,12,test,139,141,13,45,True
CHEMBL238_Ki,13,calibration,174,180,13,73,True
CHEMBL238_Ki,14,calibration,175,185,4,73,True
CHEMBL238_Ki,15,calibration,186,190,4,64,True
CHEMBL238_Ki,17,test,199,208,8,60,True
CHEMBL238_Ki,19,calibration,213,226,13,38,True
CHEMBL238_Ki,22,calibration,243,253,12,44,True
CHEMBL238_Ki,23,calibration,247,252,16,44,True
CHEMBL238_Ki,30,calibration,312,314,8,68,True
CHEMBL238_Ki,31,test,316,320,9,69,True
CHEMBL238_Ki,32,calibration,346,347,3,49,True
CHEMBL238_Ki,33,test,356,359,18,42,True
CHEMBL238_Ki,38,calibration,483,489,4,36,True
CHEMBL238_Ki,40,test,499,837,8,43,True
CHEMBL238_Ki,39,calibration,502,513,12,90,True
CHEMBL238_Ki,42,test,564,566,10,42,True
CHEMBL238_Ki,44,calibration,596,599,10,38,True
CHEMBL238_Ki,45,test,604,614,18,44,True
CHEMBL238_Ki,46,calibration,605,607,9,47,True
CHEMBL238_Ki,48,calibration,616,617,4,40,True
CHEMBL238_Ki,47,test,620,622,8,36,True
CHEMBL238_Ki,50,test,633,839,17,47,True
CHEMBL238_Ki,51,test,635,663,13,45,True
CHEMBL238_Ki,54,test,648,649,18,42,True
CHEMBL238_Ki,58,test,797,801,4,51,True
CHEMBL238_Ki,59,test,798,802,4,51,True
CHEMBL238_Ki,61,test,806,807,8,54,True
CHEMBL238_Ki,62,test,808,811,4,42,True
CHEMBL238_Ki,65,calibration,882,884,8,36,True
CHEMBL238_Ki,66,test,890,969,13,33,True
CHEMBL238_Ki,69,calibration,972,995,30,52,True
CHEMBL238_Ki,71,calibration,1005,1009,12,52,True
CHEMBL238_Ki,73,test,1037,1039,8,70,True
CHEMBL239_EC50,1,test,1,33,15,59,True
CHEMBL239_EC50,0,calibration,7,1234,19,65,True
CHEMBL239_EC50,7,test,62,64,4,72,True
CHEMBL239_EC50,11,test,87,1257,35,57,True
CHEMBL239_EC50,12,test,88,1002,9,73,True
CHEMBL239_EC50,14,test,137,144,11,65,True
CHEMBL239_EC50,17,calibration,153,166,28,84,True
CHEMBL239_EC50,21,test,187,188,22,81,True
CHEMBL239_EC50,22,calibration,190,193,10,60,True
CHEMBL239_EC50,24,calibration,199,201,27,57,True
CHEMBL239_EC50,25,calibration,203,216,5,68,True
CHEMBL239_EC50,28,calibration,261,268,4,41,True
CHEMBL239_EC50,32,calibration,289,294,16,72,True
CHEMBL239_EC50,35,calibration,309,311,20,72,True
CHEMBL239_EC50,36,test,336,352,11,61,True
CHEMBL239_EC50,37,test,358,359,10,72,True
CHEMBL239_EC50,38,calibration,362,363,10,78,True
CHEMBL239_EC50,39,calibration,366,379,9,69,True
CHEMBL239_EC50,40,calibration,371,372,5,66,True
CHEMBL239_EC50,41,test,388,997,22,65,True
CHEMBL239_EC50,43,calibration,394,403,4,63,True
CHEMBL239_EC50,45,calibration,436,444,20,61,True
CHEMBL239_EC50,46,test,437,446,25,63,True
CHEMBL239_EC50,49,calibration,466,473,25,65,True
CHEMBL239_EC50,54,calibration,520,523,16,70,True
CHEMBL239_EC50,51,test,534,536,3,63,True
CHEMBL239_EC50,4,test,552,555,6,64,True
CHEMBL239_EC50,56,test,557,560,12,58,True
CHEMBL239_EC50,59,test,667,869,39,79,True
CHEMBL239_EC50,60,test,669,677,22,72,True
CHEMBL239_EC50,62,calibration,695,698,10,71,True
CHEMBL239_EC50,63,calibration,727,759,27,61,True
CHEMBL239_EC50,64,calibration,734,758,31,65,True
CHEMBL239_EC50,65,calibration,775,783,13,61,True
CHEMBL239_EC50,73,test,843,1161,25,75,True
CHEMBL239_EC50,75,calibration,846,849,14,74,True
CHEMBL239_EC50,77,test,848,857,14,76,True
CHEMBL239_EC50,10,calibration,871,1106,21,63,True
CHEMBL239_EC50,78,test,892,895,23,73,True
CHEMBL239_EC50,80,test,926,928,8,52,True
CHEMBL239_EC50,81,calibration,958,962,11,62,True
CHEMBL239_EC50,82,test,981,1006,26,64,True
CHEMBL239_EC50,83,test,988,993,3,71,True
CHEMBL239_EC50,85,test,1035,1041,9,63,True
CHEMBL239_EC50,88,calibration,1065,1068,14,59,True
CHEMBL239_EC50,92,calibration,1087,1096,9,35,True
CHEMBL239_EC50,95,test,1132,1134,16,80,True
CHEMBL239_EC50,96,test,1133,1135,38,84,True
CHEMBL239_EC50,97,test,1149,1217,19,73,True
CHEMBL239_EC50,72,calibration,1152,1507,17,76,True
CHEMBL239_EC50,99,test,1180,1181,14,84,True
CHEMBL239_EC50,101,calibration,1191,1519,12,63,True
CHEMBL239_EC50,106,test,1248,1249,10,69,True
CHEMBL239_EC50,107,calibration,1272,1278,16,48,True
CHEMBL239_EC50,108,calibration,1291,1292,19,63,True
CHEMBL239_EC50,109,test,1293,1295,12,60,True
CHEMBL239_EC50,114,calibration,1376,1715,19,61,True
CHEMBL239_EC50,115,test,1393,1402,7,52,True
CHEMBL239_EC50,119,test,1466,1474,11,71,True
CHEMBL239_EC50,121,calibration,1530,1540,13,75,True
CHEMBL239_EC50,122,test,1544,1546,21,65,True
CHEMBL239_EC50,124,test,1559,1566,27,59,True
CHEMBL239_EC50,125,calibration,1594,1604,10,86,True
CHEMBL239_EC50,128,calibration,1643,1649,16,54,True
CHEMBL239_EC50,129,test,1700,1701,11,45,True
CHEMBL244_Ki,4,calibration,16,26,16,78,True
CHEMBL244_Ki,5,test,43,1621,26,67,True
CHEMBL244_Ki,8,test,44,87,12,80,True
CHEMBL244_Ki,1,calibration,95,203,17,72,True
CHEMBL244_Ki,10,test,107,108,8,76,True
CHEMBL244_Ki,13,test,129,1249,48,64,True
CHEMBL244_Ki,15,test,135,144,15,63,True
CHEMBL244_Ki,14,calibration,147,161,11,65,True
CHEMBL244_Ki,18,calibration,152,1048,12,56,True
CHEMBL244_Ki,22,test,207,226,8,76,True
CHEMBL244_Ki,21,test,209,448,16,69,True
CHEMBL244_Ki,25,test,261,267,22,60,True
CHEMBL244_Ki,26,calibration,262,302,4,49,True
CHEMBL244_Ki,32,test,287,288,20,45,True
CHEMBL244_Ki,34,calibration,297,1071,27,63,True
CHEMBL244_Ki,40,test,358,1085,19,67,True
CHEMBL244_Ki,38,calibration,370,374,5,70,True
CHEMBL244_Ki,42,test,385,402,19,49,True
CHEMBL244_Ki,43,calibration,396,401,19,45,True
CHEMBL244_Ki,44,test,406,413,17,100,True
CHEMBL244_Ki,47,calibration,431,455,4,41,True
CHEMBL244_Ki,48,test,438,443,10,42,True
CHEMBL244_Ki,49,test,439,447,8,52,True
CHEMBL244_Ki,51,calibration,491,493,24,60,True
CHEMBL244_Ki,50,calibration,496,508,29,64,True
CHEMBL244_Ki,54,test,539,565,18,61,True
CHEMBL244_Ki,55,calibration,553,1094,4,63,True
CHEMBL244_Ki,62,test,620,898,47,61,True
CHEMBL244_Ki,63,test,621,2379,4,61,True
CHEMBL244_Ki,70,test,652,744,11,49,True
CHEMBL244_Ki,71,test,690,737,10,66,True
CHEMBL244_Ki,72,calibration,699,801,8,60,True
CHEMBL244_Ki,46,test,815,818,4,65,True
CHEMBL244_Ki,78,calibration,825,923,4,61,True
CHEMBL244_Ki,74,test,828,868,8,66,True
CHEMBL244_Ki,80,calibration,932,944,35,79,True
CHEMBL244_Ki,81,calibration,938,943,33,77,True
CHEMBL244_Ki,83,test,960,967,4,63,True
CHEMBL244_Ki,84,calibration,991,995,18,55,True
CHEMBL244_Ki,52,calibration,1007,1140,16,66,True
CHEMBL244_Ki,86,calibration,1025,1060,16,66,True
CHEMBL244_Ki,87,test,1033,1246,22,58,True
CHEMBL244_Ki,89,calibration,1072,1143,4,41,True
CHEMBL244_Ki,90,test,1090,1128,12,58,True
CHEMBL244_Ki,29,test,1104,1158,20,71,True
CHEMBL244_Ki,92,calibration,1164,1188,4,71,True
CHEMBL244_Ki,93,calibration,1168,1211,7,65,True
CHEMBL244_Ki,56,test,1220,2784,24,54,True
CHEMBL244_Ki,94,test,1234,1239,8,72,True
CHEMBL244_Ki,96,calibration,1240,1247,11,68,True
CHEMBL244_Ki,100,calibration,1289,2103,28,70,True
CHEMBL244_Ki,103,test,1315,1317,20,68,True
CHEMBL244_Ki,105,test,1324,1325,14,72,True
CHEMBL244_Ki,106,calibration,1328,1331,13,59,True
CHEMBL244_Ki,104,calibration,1336,1416,19,68,True
CHEMBL244_Ki,107,test,1363,1371,20,74,True
CHEMBL244_Ki,108,test,1387,1395,15,78,True
CHEMBL244_Ki,109,test,1412,1413,13,73,True
CHEMBL244_Ki,110,test,1418,1419,8,68,True
CHEMBL244_Ki,115,test,1544,1549,9,83,True
CHEMBL244_Ki,121,calibration,1610,1613,27,82,True
CHEMBL244_Ki,6,calibration,1618,2287,18,75,True
CHEMBL244_Ki,124,calibration,1670,1706,15,80,True
CHEMBL244_Ki,125,calibration,1703,1707,12,78,True
CHEMBL244_Ki,117,test,1762,1766,18,61,True
CHEMBL244_Ki,132,test,1843,1852,13,70,True
CHEMBL244_Ki,134,calibration,1860,1891,4,56,True
CHEMBL244_Ki,135,calibration,1872,1877,11,69,True
CHEMBL244_Ki,136,calibration,1895,1897,5,65,True
CHEMBL244_Ki,138,calibration,1911,1912,9,65,True
CHEMBL244_Ki,120,calibration,2045,2053,17,77,True
CHEMBL244_Ki,143,calibration,2056,2061,21,73,True
CHEMBL244_Ki,144,calibration,2063,2064,12,74,True
CHEMBL244_Ki,146,test,2082,2083,4,63,True
CHEMBL244_Ki,147,test,2093,2094,15,79,True
CHEMBL244_Ki,148,test,2118,2137,10,68,True
CHEMBL244_Ki,150,test,2128,2164,30,70,True
CHEMBL244_Ki,151,calibration,2138,2147,10,70,True
CHEMBL244_Ki,153,test,2149,2152,14,72,True
CHEMBL244_Ki,155,calibration,2204,2205,15,71,True
CHEMBL244_Ki,157,test,2209,2218,16,70,True
CHEMBL244_Ki,158,test,2220,2222,3,67,True
CHEMBL244_Ki,161,test,2245,2247,9,81,True
CHEMBL244_Ki,162,test,2257,2258,3,59,True
CHEMBL244_Ki,164,test,2288,2854,19,81,True
CHEMBL244_Ki,167,test,2349,2755,25,66,True
CHEMBL244_Ki,168,calibration,2351,2398,21,75,True
CHEMBL244_Ki,141,calibration,2368,2405,14,76,True
CHEMBL244_Ki,170,test,2428,2433,31,65,True
CHEMBL244_Ki,171,calibration,2438,2446,10,68,True
CHEMBL244_Ki,173,calibration,2475,2476,4,84,True
CHEMBL244_Ki,175,test,2479,2495,14,60,True
CHEMBL244_Ki,176,calibration,2481,2500,23,63,True
CHEMBL244_Ki,177,calibration,2485,2501,27,71,True
CHEMBL244_Ki,187,calibration,2684,2702,16,75,True
CHEMBL244_Ki,188,test,2705,2708,40,118,True
CHEMBL244_Ki,190,calibration,2729,2730,12,76,True
CHEMBL244_Ki,191,calibration,2776,2780,16,79,True
CHEMBL244_Ki,192,test,2816,2826,15,83,True
CHEMBL244_Ki,196,calibration,2915,2927,18,69,True
CHEMBL244_Ki,199,calibration,2967,2969,13,61,True
CHEMBL244_Ki,201,calibration,3005,3089,19,99,True
CHEMBL262_Ki,0,calibration,5,45,15,53,True
CHEMBL262_Ki,3,test,26,35,5,54,True
CHEMBL262_Ki,4,test,27,30,5,57,True
CHEMBL262_Ki,6,calibration,51,56,9,67,True
CHEMBL262_Ki,14,calibration,118,135,5,50,True
CHEMBL262_Ki,16,test,125,138,5,58,True
CHEMBL262_Ki,15,test,127,131,10,48,True
CHEMBL262_Ki,17,calibration,153,154,3,33,True
CHEMBL262_Ki,19,calibration,175,778,22,44,True
CHEMBL262_Ki,20,calibration,192,199,17,50,True
CHEMBL262_Ki,22,test,217,481,22,42,True
CHEMBL262_Ki,24,calibration,264,686,12,47,True
CHEMBL262_Ki,27,calibration,297,329,11,86,True
CHEMBL262_Ki,28,calibration,308,454,26,54,True
CHEMBL262_Ki,31,test,347,670,8,56,True
CHEMBL262_Ki,23,calibration,432,690,9,39,True
CHEMBL262_Ki,34,test,450,621,31,35,True
CHEMBL262_Ki,37,test,472,834,18,46,True
CHEMBL262_Ki,38,test,475,763,14,48,True
CHEMBL262_Ki,39,test,549,743,4,54,True
CHEMBL262_Ki,42,calibration,625,692,18,34,True
CHEMBL262_Ki,43,test,798,799,7,58,True
CHEMBL262_Ki,44,test,811,830,8,64,True
CHEMBL262_Ki,46,test,851,853,14,60,True
CHEMBL264_Ki,0,test,0,2,13,35,True
CHEMBL264_Ki,3,test,12,20,8,26,True
CHEMBL264_Ki,4,calibration,16,1593,8,18,True
CHEMBL264_Ki,5,calibration,47,59,16,54,True
CHEMBL264_Ki,11,calibration,72,1795,29,53,True
CHEMBL264_Ki,10,test,83,2820,6,58,True
CHEMBL264_Ki,12,test,86,100,11,43,True
CHEMBL264_Ki,17,test,113,164,20,84,True
CHEMBL264_Ki,19,test,147,189,22,87,True
CHEMBL264_Ki,18,calibration,174,186,19,78,True
CHEMBL264_Ki,23,test,236,241,9,57,True
CHEMBL264_Ki,24,test,257,283,12,44,True
CHEMBL264_Ki,25,test,261,280,14,48,True
CHEMBL264_Ki,26,calibration,264,301,12,52,True
CHEMBL264_Ki,7,calibration,309,2821,30,54,True
CHEMBL264_Ki,33,test,351,356,17,51,True
CHEMBL264_Ki,38,calibration,376,980,18,26,True
CHEMBL264_Ki,39,calibration,382,459,26,38,True
CHEMBL264_Ki,37,calibration,389,442,28,48,True
CHEMBL264_Ki,43,test,413,564,20,46,True
CHEMBL264_Ki,45,calibration,445,446,3,33,True
CHEMBL264_Ki,46,calibration,449,450,6,38,True
CHEMBL264_Ki,47,test,474,498,23,55,True
CHEMBL264_Ki,15,test,511,512,11,41,True
CHEMBL264_Ki,20,calibration,525,526,10,28,True
CHEMBL264_Ki,50,calibration,546,549,13,43,True
CHEMBL264_Ki,51,calibration,547,548,9,47,True
CHEMBL264_Ki,56,calibration,574,1507,24,54,True
CHEMBL264_Ki,55,test,575,2246,19,45,True
CHEMBL264_Ki,54,test,582,595,16,54,True
CHEMBL264_Ki,58,calibration,585,594,16,58,True
CHEMBL264_Ki,57,calibration,598,1199,27,53,True
CHEMBL264_Ki,59,test,612,1023,14,58,True
CHEMBL264_Ki,61,calibration,620,624,12,54,True
CHEMBL264_Ki,62,calibration,622,626,12,44,True
CHEMBL264_Ki,65,calibration,663,664,10,62,True
CHEMBL264_Ki,66,test,665,667,14,59,True
CHEMBL264_Ki,68,test,679,695,24,72,True
CHEMBL264_Ki,69,test,689,690,5,54,True
CHEMBL264_Ki,70,test,703,732,20,56,True
CHEMBL264_Ki,71,test,705,730,12,63,True
CHEMBL264_Ki,72,test,706,713,12,58,True
CHEMBL264_Ki,73,test,711,729,8,62,True
CHEMBL264_Ki,74,test,754,756,4,59,True
CHEMBL264_Ki,75,test,770,771,8,57,True
CHEMBL264_Ki,80,calibration,920,922,8,52,True
CHEMBL264_Ki,81,calibration,933,936,14,68,True
CHEMBL264_Ki,82,calibration,940,942,3,45,True
CHEMBL264_Ki,84,calibration,954,962,11,63,True
CHEMBL264_Ki,86,calibration,977,982,12,38,True
CHEMBL264_Ki,88,test,985,2635,36,40,True
CHEMBL264_Ki,78,calibration,995,2288,45,46,True
CHEMBL264_Ki,89,test,1028,1925,13,49,True
CHEMBL264_Ki,91,test,1045,1053,16,52,True
CHEMBL264_Ki,93,test,1069,2208,23,43,True
CHEMBL264_Ki,97,calibration,1093,1117,12,55,True
CHEMBL264_Ki,105,calibration,1178,2253,28,44,True
CHEMBL264_Ki,106,calibration,1184,1189,10,58,True
CHEMBL264_Ki,40,test,1232,2029,22,44,True
CHEMBL264_Ki,110,calibration,1273,1275,3,67,True
CHEMBL264_Ki,111,calibration,1282,1283,8,58,True
CHEMBL264_Ki,112,test,1312,1315,9,55,True
CHEMBL264_Ki,113,test,1320,1321,8,66,True
CHEMBL264_Ki,117,test,1339,1345,6,56,True
CHEMBL264_Ki,118,calibration,1376,1407,16,46,True
CHEMBL264_Ki,120,test,1417,1418,16,62,True
CHEMBL264_Ki,125,calibration,1484,1492,8,42,True
CHEMBL264_Ki,129,test,1546,1550,22,54,True
CHEMBL264_Ki,132,calibration,1556,1559,22,56,True
CHEMBL264_Ki,133,calibration,1560,1562,4,55,True
CHEMBL264_Ki,109,calibration,1603,2046,10,54,True
CHEMBL264_Ki,136,test,1675,1686,14,44,True
CHEMBL264_Ki,140,calibration,1721,1967,19,49,True
CHEMBL264_Ki,141,test,1781,1785,13,59,True
CHEMBL264_Ki,145,test,1849,1853,24,50,True
CHEMBL264_Ki,137,test,1891,1901,10,48,True
CHEMBL264_Ki,146,calibration,1923,2199,14,42,True
CHEMBL264_Ki,152,test,2030,2037,14,64,True
CHEMBL264_Ki,153,test,2047,2048,16,58,True
CHEMBL264_Ki,158,calibration,2217,2767,34,54,True
CHEMBL264_Ki,159,calibration,2230,2768,41,63,True
CHEMBL264_Ki,160,calibration,2241,2574,28,61,True
CHEMBL264_Ki,161,test,2267,2270,12,68,True
CHEMBL264_Ki,165,test,2349,2350,14,52,True
CHEMBL264_Ki,168,calibration,2426,2429,12,28,True
CHEMBL264_Ki,170,test,2441,2450,8,58,True
CHEMBL264_Ki,169,calibration,2455,2457,17,56,True
CHEMBL264_Ki,172,calibration,2501,2513,30,56,True
CHEMBL264_Ki,175,test,2626,2628,17,53,True
CHEMBL264_Ki,178,test,2648,2655,21,50,True
CHEMBL264_Ki,179,test,2649,2662,4,55,True
CHEMBL264_Ki,177,calibration,2663,2668,14,38,True
CHEMBL264_Ki,181,calibration,2674,2675,11,53,True
CHEMBL264_Ki,182,calibration,2705,2706,18,60,True
CHEMBL2835_Ki,1,test,8,94,21,37,True
CHEMBL2835_Ki,2,test,15,17,4,42,True
CHEMBL2835_Ki,3,test,20,97,27,53,True
CHEMBL2835_Ki,5,test,40,43,10,38,True
CHEMBL2835_Ki,7,calibration,48,56,23,51,True
CHEMBL2835_Ki,8,test,70,76,12,54,True
CHEMBL2835_Ki,10,calibration,80,81,14,50,True
CHEMBL2835_Ki,14,calibration,147,155,13,45,True
CHEMBL2835_Ki,17,calibration,377,546,33,76,True
CHEMBL2835_Ki,19,calibration,489,563,20,76,True
CHEMBL287_Ki,1,calibration,8,28,13,55,True
CHEMBL287_Ki,4,test,17,25,6,64,True
CHEMBL287_Ki,8,test,60,91,30,64,True
CHEMBL287_Ki,9,test,66,80,15,53,True
CHEMBL287_Ki,11,test,89,107,12,57,True
CHEMBL287_Ki,16,test,127,131,12,44,True
CHEMBL287_Ki,19,calibration,139,156,4,39,True
CHEMBL287_Ki,21,calibration,145,157,8,58,True
CHEMBL287_Ki,22,test,147,312,10,33,True
CHEMBL287_Ki,14,calibration,178,526,17,47,True
CHEMBL287_Ki,6,calibration,205,250,8,48,True
CHEMBL287_Ki,29,calibration,294,820,33,49,True
CHEMBL287_Ki,31,test,302,324,9,47,True
CHEMBL287_Ki,32,calibration,309,653,23,57,True
CHEMBL287_Ki,37,calibration,357,358,13,71,True
CHEMBL287_Ki,38,test,377,453,41,43,True
CHEMBL287_Ki,39,test,384,517,8,36,True
CHEMBL287_Ki,41,calibration,391,518,8,36,True
CHEMBL287_Ki,43,calibration,402,702,10,42,True
CHEMBL287_Ki,47,test,421,433,8,48,True
CHEMBL287_Ki,26,test,440,447,17,35,True
CHEMBL287_Ki,50,calibration,445,446,11,47,True
CHEMBL287_Ki,53,calibration,458,465,4,49,True
CHEMBL287_Ki,56,test,475,710,17,45,True
CHEMBL287_Ki,2,test,532,735,19,45,True
CHEMBL287_Ki,57,calibration,541,552,7,37,True
CHEMBL287_Ki,59,calibration,546,551,8,40,True
CHEMBL287_Ki,60,calibration,549,560,14,51,True
CHEMBL287_Ki,58,calibration,550,557,10,54,True
CHEMBL287_Ki,42,test,572,578,8,48,True
CHEMBL287_Ki,62,calibration,585,888,11,33,True
CHEMBL287_Ki,64,test,598,601,13,39,True
CHEMBL287_Ki,65,test,609,627,16,26,True
CHEMBL287_Ki,70,calibration,719,1014,6,50,True
CHEMBL287_Ki,71,calibration,738,890,19,44,True
CHEMBL287_Ki,72,test,742,743,9,43,True
CHEMBL287_Ki,73,test,744,745,11,43,True
CHEMBL287_Ki,75,test,812,816,19,51,True
CHEMBL287_Ki,76,test,827,844,4,49,True
CHEMBL287_Ki,74,test,837,868,16,46,True
CHEMBL287_Ki,80,calibration,900,910,4,59,True
CHEMBL287_Ki,23,test,979,992,15,44,True
CHEMBL287_Ki,82,calibration,1025,1072,14,62,True
CHEMBL287_Ki,89,calibration,1081,1096,22,48,True
CHEMBL287_Ki,91,test,1100,1108,12,58,True
CHEMBL287_Ki,92,calibration,1104,1105,11,51,True
CHEMBL287_Ki,93,calibration,1106,1118,10,50,True
CHEMBL287_Ki,96,test,1233,1244,28,62,True
CHEMBL287_Ki,98,test,1267,1270,30,50,True
CHEMBL287_Ki,99,test,1269,1272,39,49,True
CHEMBL287_Ki,101,calibration,1309,1311,21,66,True
CHEMBL2971_Ki,0,calibration,2,176,18,30,True
CHEMBL2971_Ki,6,test,112,290,11,63,True
CHEMBL2971_Ki,9,test,275,293,12,56,True
CHEMBL2971_Ki,12,calibration,322,324,13,50,True
CHEMBL2971_Ki,14,test,328,334,4,53,True
CHEMBL2971_Ki,16,calibration,343,344,14,50,True
CHEMBL2971_Ki,18,test,358,425,10,48,True
CHEMBL2971_Ki,19,test,366,378,11,51,True
CHEMBL2971_Ki,20,test,398,401,10,52,True
CHEMBL2971_Ki,21,calibration,407,408,10,46,True
CHEMBL2971_Ki,23,test,420,445,8,36,True
CHEMBL2971_Ki,26,calibration,449,467,12,34,True
CHEMBL2971_Ki,27,calibration,468,473,13,45,True
CHEMBL2971_Ki,28,test,469,474,17,49,True
CHEMBL2971_Ki,30,test,601,618,12,96,True
CHEMBL2971_Ki,32,calibration,655,698,41,85,True
CHEMBL2971_Ki,33,calibration,668,888,17,74,True
CHEMBL2971_Ki,35,test,945,948,16,46,True
CHEMBL2971_Ki,36,calibration,953,963,8,50,True
CHEMBL2971_Ki,38,test,972,974,28,40,True
CHEMBL3979_EC50,0,test,7,845,19,58,True
CHEMBL3979_EC50,4,calibration,56,62,24,72,True
CHEMBL3979_EC50,8,calibration,107,114,16,72,True
CHEMBL3979_EC50,10,test,157,158,5,67,True
CHEMBL3979_EC50,16,test,224,229,15,57,True
CHEMBL3979_EC50,18,calibration,235,1043,12,50,True
CHEMBL3979_EC50,21,calibration,259,269,4,64,True
CHEMBL3979_EC50,23,test,272,294,19,71,True
CHEMBL3979_EC50,26,test,311,317,10,58,True
CHEMBL3979_EC50,2,calibration,326,332,8,57,True
CHEMBL3979_EC50,29,calibration,354,542,19,63,True
CHEMBL3979_EC50,30,test,355,544,20,56,True
CHEMBL3979_EC50,31,test,359,361,8,70,True
CHEMBL3979_EC50,33,test,375,380,12,50,True
CHEMBL3979_EC50,34,test,381,385,26,66,True
CHEMBL3979_EC50,36,calibration,399,406,29,65,True
CHEMBL3979_EC50,37,test,418,420,4,69,True
CHEMBL3979_EC50,38,test,425,426,8,66,True
CHEMBL3979_EC50,40,calibration,440,445,5,75,True
CHEMBL3979_EC50,41,calibration,467,475,7,70,True
CHEMBL3979_EC50,42,calibration,502,504,11,71,True
CHEMBL3979_EC50,45,test,565,571,4,65,True
CHEMBL3979_EC50,46,calibration,578,584,8,64,True
CHEMBL3979_EC50,47,test,582,589,4,67,True
CHEMBL3979_EC50,52,calibration,681,764,33,69,True
CHEMBL3979_EC50,54,test,801,803,4,65,True
CHEMBL3979_EC50,57,calibration,854,860,8,63,True
CHEMBL3979_EC50,58,calibration,857,863,11,67,True
CHEMBL3979_EC50,59,test,861,864,26,72,True
CHEMBL3979_EC50,61,test,891,911,16,74,True
CHEMBL3979_EC50,62,calibration,896,913,15,80,True
CHEMBL3979_EC50,64,test,903,912,17,85,True
CHEMBL3979_EC50,66,calibration,972,974,12,62,True
CHEMBL3979_EC50,67,calibration,1007,1009,13,51,True
CHEMBL4005_Ki,0,test,4,10,17,47,True
CHEMBL4005_Ki,2,calibration,11,14,10,48,True
CHEMBL4005_Ki,4,test,26,31,17,53,True
CHEMBL4005_Ki,5,test,54,68,17,63,True
CHEMBL4005_Ki,7,test,70,94,30,62,True
CHEMBL4005_Ki,12,test,156,158,12,72,True
CHEMBL4005_Ki,15,calibration,173,175,4,41,True
CHEMBL4005_Ki,19,test,212,594,30,60,True
CHEMBL4005_Ki,20,test,216,612,4,59,True
CHEMBL4005_Ki,21,calibration,221,588,19,49,True
CHEMBL4005_Ki,24,calibration,231,233,11,51,True
CHEMBL4005_Ki,25,calibration,234,246,4,57,True
CHEMBL4005_Ki,30,test,297,298,9,61,True
CHEMBL4005_Ki,32,calibration,313,315,10,56,True
CHEMBL4005_Ki,34,calibration,363,367,12,58,True
CHEMBL4005_Ki,36,test,375,456,35,76,True
CHEMBL4005_Ki,38,calibration,405,471,31,72,True
CHEMBL4005_Ki,43,calibration,425,426,9,61,True
CHEMBL4005_Ki,44,calibration,430,431,14,65,True
CHEMBL4005_Ki,45,calibration,451,453,15,79,True
CHEMBL4005_Ki,46,calibration,532,641,24,44,True
CHEMBL4005_Ki,16,test,533,633,17,67,True
CHEMBL4005_Ki,47,calibration,534,676,15,66,True
CHEMBL4005_Ki,49,calibration,544,549,9,55,True
CHEMBL4005_Ki,54,test,674,675,14,64,True
CHEMBL4005_Ki,56,test,779,783,17,67,True
CHEMBL4005_Ki,60,calibration,810,897,25,73,True
CHEMBL4005_Ki,61,calibration,813,814,19,67,True
CHEMBL4005_Ki,58,calibration,837,840,21,67,True
CHEMBL4005_Ki,57,test,856,872,4,62,True
CHEMBL4005_Ki,63,test,877,881,21,57,True
CHEMBL4005_Ki,64,test,913,916,10,54,True
CHEMBL4005_Ki,65,test,919,923,6,62,True
CHEMBL4005_Ki,66,test,952,959,11,47,True
CHEMBL4203_Ki,1,calibration,14,420,22,32,True
CHEMBL4203_Ki,2,calibration,34,359,14,40,True
CHEMBL4203_Ki,3,test,35,240,27,31,True
CHEMBL4203_Ki,8,test,103,349,8,50,True
CHEMBL4203_Ki,10,test,155,303,20,32,True
CHEMBL4203_Ki,11,calibration,168,357,4,63,True
CHEMBL4203_Ki,7,calibration,169,536,35,38,True
CHEMBL4203_Ki,12,calibration,173,192,4,45,True
CHEMBL4203_Ki,16,test,354,650,14,48,True
CHEMBL4203_Ki,18,test,481,553,8,50,True
CHEMBL4203_Ki,19,test,482,517,16,56,True
CHEMBL4203_Ki,21,calibration,573,666,22,32,True
CHEMBL4203_Ki,24,test,661,713,12,56,True
CHEMBL4616_EC50,1,test,9,13,12,78,True
CHEMBL4616_EC50,2,calibration,16,37,11,69,True
CHEMBL4616_EC50,6,calibration,65,72,23,65,True
CHEMBL4616_EC50,8,calibration,86,87,26,85,True
CHEMBL4616_EC50,7,calibration,135,148,10,84,True
CHEMBL4616_EC50,15,test,204,207,15,75,True
CHEMBL4616_EC50,16,test,209,210,8,70,True
CHEMBL4616_EC50,17,test,245,414,24,62,True
CHEMBL4616_EC50,9,calibration,257,276,15,71,True
CHEMBL4616_EC50,21,calibration,278,309,8,56,True
CHEMBL4616_EC50,23,test,283,290,20,52,True
CHEMBL4616_EC50,25,calibration,293,298,12,53,True
CHEMBL4616_EC50,26,calibration,327,328,16,60,True
CHEMBL4616_EC50,28,test,352,555,18,72,True
CHEMBL4616_EC50,30,calibration,537,545,15,131,True
CHEMBL4616_EC50,32,calibration,552,553,16,79,True
CHEMBL4616_EC50,35,test,612,616,23,65,True
CHEMBL4616_EC50,37,test,648,649,23,71,True
CHEMBL4616_EC50,38,test,663,674,18,75,True
CHEMBL4616_EC50,39,test,666,671,24,77,True
CHEMBL4792_Ki,0,calibration,21,26,18,51,True
CHEMBL4792_Ki,3,calibration,42,43,10,66,True
CHEMBL4792_Ki,7,calibration,64,80,10,58,True
CHEMBL4792_Ki,8,calibration,67,84,4,57,True
CHEMBL4792_Ki,10,calibration,73,89,4,61,True
CHEMBL4792_Ki,12,calibration,115,1453,4,59,True
CHEMBL4792_Ki,14,calibration,130,539,44,64,True
CHEMBL4792_Ki,16,calibration,141,419,17,63,True
CHEMBL4792_Ki,19,calibration,159,170,25,61,True
CHEMBL4792_Ki,6,calibration,174,179,16,64,True
CHEMBL4792_Ki,20,test,181,187,16,64,True
CHEMBL4792_Ki,17,test,188,201,26,66,True
CHEMBL4792_Ki,22,calibration,208,210,13,59,True
CHEMBL4792_Ki,23,test,229,231,12,66,True
CHEMBL4792_Ki,13,calibration,274,281,12,59,True
CHEMBL4792_Ki,30,calibration,332,724,17,62,True
CHEMBL4792_Ki,33,test,346,693,28,61,True
CHEMBL4792_Ki,34,calibration,394,671,41,60,True
CHEMBL4792_Ki,44,calibration,413,821,21,63,True
CHEMBL4792_Ki,45,test,416,938,24,63,True
CHEMBL4792_Ki,46,test,431,526,19,59,True
CHEMBL4792_Ki,48,test,448,744,21,56,True
CHEMBL4792_Ki,54,test,517,1155,5,64,True
CHEMBL4792_Ki,40,test,524,560,16,64,True
CHEMBL4792_Ki,59,test,613,934,24,62,True
CHEMBL4792_Ki,60,test,624,1147,18,61,True
CHEMBL4792_Ki,26,test,636,685,23,57,True
CHEMBL4792_Ki,63,calibration,748,817,22,66,True
CHEMBL4792_Ki,65,calibration,791,840,16,60,True
CHEMBL4792_Ki,62,test,1023,1093,20,57,True
CHEMBL4792_Ki,66,test,1035,1240,46,65,True
CHEMBL4792_Ki,67,calibration,1054,1217,10,61,True
CHEMBL4792_Ki,68,calibration,1057,1326,13,65,True
CHEMBL4792_Ki,70,test,1272,1276,7,62,True
CHEMBL4792_Ki,73,test,1313,1314,16,64,True
CHEMBL4792_Ki,74,test,1330,1355,22,64,True
CHEMBL4792_Ki,77,test,1364,1388,17,57,True
CHEMBL4792_Ki,27,test,1370,1384,20,63,True
CHEMBL4792_Ki,78,test,1397,1398,7,62,True
CHEMBL4792_Ki,21,test,1425,1426,32,72,True
